applicant_id,age,employment_type,income_monthly,existing_emi,cibil_score,credit_utilization_pct,recent_dpd_30,inquiries_6m,active_trades,vintage_months,employment_stability_m,secured_mix_ratio,foir_now,pd_12m,default_12m
APL300000,24,Salaried,45684.88,2380.75,743,90.2,0,2,2,58,6,0.247,5.2,0.6365,1
APL300001,36,Self-Employed,58135.98,13278.01,746,95.5,0,4,8,92,20,0.457,22.8,0.65,0
APL300002,21,Self-Employed,12000.0,2071.09,676,97.4,0,2,7,65,3,0.126,17.3,0.65,1
APL300003,23,Self-Employed,81514.1,0.0,799,66.1,0,0,2,90,0,0.244,0.0,0.3811,0
APL300004,31,Salaried,20213.68,4880.34,605,72.1,0,2,8,24,10,0.119,24.1,0.65,1
APL300005,34,Salaried,28465.98,0.0,729,76.6,0,5,7,40,3,0.396,0.0,0.65,1
APL300006,32,Self-Employed,34977.09,3915.99,767,88.4,0,2,6,65,23,0.384,11.2,0.5725,0
APL300007,41,Salaried,35975.63,0.0,714,84.1,0,2,4,65,35,0.397,0.0,0.6265,1
APL300008,38,Student/Intern,34911.68,0.0,787,94.9,0,2,6,80,9,0.73,0.0,0.5119,0
APL300009,32,Salaried,20949.97,7213.9,680,63.5,0,2,5,59,18,0.241,34.4,0.65,1
APL300010,31,Self-Employed,35526.99,4031.96,647,85.7,0,4,3,50,29,0.214,11.3,0.65,0
APL300011,32,Self-Employed,21391.24,185.74,733,99.7,0,4,8,76,19,0.079,0.9,0.65,1
APL300012,22,Salaried,44329.14,5226.08,664,111.2,0,1,6,42,7,0.283,11.8,0.65,1
APL300013,44,Salaried,23492.66,0.0,788,80.4,0,3,2,87,34,0.276,0.0,0.5324,0
APL300014,25,Self-Employed,23200.14,0.0,601,91.1,0,2,5,33,0,0.11,0.0,0.65,0
APL300015,35,Self-Employed,33894.33,6815.71,850,86.2,0,1,6,73,37,0.683,20.1,0.3858,0
APL300016,22,Gig/Freelance,28292.81,0.0,634,73.1,0,0,4,39,0,0.021,0.0,0.65,0
APL300017,34,Gig/Freelance,13624.56,6593.39,571,93.1,0,1,3,14,2,0.0,48.4,0.65,0
APL300018,36,Salaried,19461.03,2398.06,766,95.7,0,1,3,46,9,0.355,12.3,0.6173,1
APL300019,29,Salaried,28036.43,7250.61,714,91.0,0,2,2,39,32,0.443,25.9,0.65,1
APL300020,35,Salaried,36213.02,6744.12,778,84.8,0,3,6,102,4,0.498,18.6,0.5618,0
APL300021,31,Self-Employed,22418.96,4222.24,641,98.7,0,3,3,45,10,0.294,18.8,0.65,1
APL300022,34,Salaried,16289.08,964.58,651,65.0,0,0,6,56,15,0.204,5.9,0.65,1
APL300023,47,Self-Employed,29289.01,0.0,667,96.2,0,3,1,36,45,0.023,0.0,0.65,1
APL300024,35,Salaried,22618.62,7135.12,667,94.9,0,1,7,75,17,0.326,31.5,0.65,1
APL300025,23,Self-Employed,35871.54,2168.88,772,75.6,0,3,3,59,0,0.454,6.0,0.5646,0
APL300026,33,Salaried,60873.7,0.0,773,92.8,0,2,3,51,18,0.386,0.0,0.5421,1
APL300027,42,Salaried,35662.63,8968.33,749,85.3,0,1,4,81,13,0.251,25.1,0.616,0
APL300028,38,Salaried,25139.46,6561.88,693,84.8,0,3,6,41,38,0.371,26.1,0.65,0
APL300029,21,Salaried,37616.99,13097.03,607,127.3,0,3,4,17,0,0.024,34.8,0.65,0
APL300030,39,Self-Employed,24176.3,4810.86,623,87.6,0,1,7,63,37,0.177,19.9,0.65,0
APL300031,31,Salaried,13204.05,9303.82,709,75.3,0,2,5,77,26,0.222,70.5,0.65,0
APL300032,39,Salaried,21505.54,1878.73,601,73.2,0,2,8,30,23,0.151,8.7,0.65,0
APL300033,32,Salaried,15723.17,0.0,532,106.4,0,3,5,36,14,0.0,0.0,0.65,0
APL300034,40,Salaried,34051.71,0.0,642,92.7,0,3,2,76,12,0.157,0.0,0.65,1
APL300035,26,Student/Intern,16930.41,0.0,886,58.6,0,0,3,102,6,0.436,0.0,0.2758,0
APL300036,32,Salaried,12029.28,0.0,695,86.5,0,0,6,44,15,0.204,0.0,0.65,1
APL300037,44,Self-Employed,40268.48,14113.3,751,122.4,0,2,2,73,11,0.393,35.0,0.65,1
APL300038,40,Gig/Freelance,63119.04,0.0,722,97.0,0,1,4,97,20,0.141,0.0,0.6088,1
APL300039,31,Salaried,41417.35,12439.75,698,91.7,0,1,7,84,24,0.188,30.0,0.65,0
APL300040,46,Gig/Freelance,18232.13,0.0,624,76.1,0,1,3,22,16,0.143,0.0,0.65,0
APL300041,32,Gig/Freelance,45178.02,0.0,759,55.3,0,1,8,119,15,0.33,0.0,0.4379,1
APL300042,40,Salaried,33919.21,499.85,795,75.4,0,0,13,103,38,0.528,1.5,0.4011,0
APL300043,35,Salaried,53576.19,13845.21,753,102.0,0,1,2,44,16,0.264,25.8,0.65,0
APL300044,27,Salaried,16424.75,6129.05,728,86.6,0,1,7,63,0,0.194,37.3,0.65,1
APL300045,34,Salaried,57250.44,10845.08,612,67.8,0,1,4,57,15,0.195,18.9,0.65,0
APL300046,43,Gig/Freelance,12000.0,0.0,719,76.9,0,1,8,121,29,0.157,0.0,0.603,0
APL300047,34,Student/Intern,21434.34,0.0,684,64.5,0,1,4,75,24,0.295,0.0,0.6405,0
APL300048,26,Self-Employed,60978.53,14676.07,749,94.0,0,0,2,45,3,0.285,24.1,0.6477,0
APL300049,45,Student/Intern,47732.01,1772.2,703,82.9,0,3,5,26,3,0.255,3.7,0.65,1
APL300050,43,Salaried,27660.37,0.0,697,75.2,0,1,10,94,35,0.592,0.0,0.5944,1
APL300051,34,Salaried,55322.65,8500.12,804,90.4,0,1,7,66,7,0.565,15.4,0.4912,0
APL300052,27,Salaried,30217.04,7740.17,820,42.0,0,3,8,103,5,0.695,25.6,0.3804,1
APL300053,40,Salaried,12028.64,9223.62,798,52.0,0,1,6,81,19,0.66,76.7,0.4401,0
APL300054,40,Salaried,22203.86,3139.11,665,79.7,0,1,6,80,28,0.267,14.1,0.65,0
APL300055,39,Salaried,35702.63,1011.27,725,105.6,0,0,2,77,13,0.265,2.8,0.65,1
APL300056,36,Salaried,34396.34,6693.93,572,109.4,0,2,2,42,24,0.0,19.5,0.65,1
APL300057,31,Salaried,20213.68,4880.34,605,72.1,0,2,8,24,10,0.119,24.1,0.65,1
APL300058,36,Salaried,19461.03,2398.06,766,95.7,0,1,3,46,9,0.355,12.3,0.6173,1
APL300059,27,Salaried,81869.25,14137.57,784,68.9,0,2,6,97,0,0.437,17.3,0.4843,0
APL300060,27,Salaried,12723.74,7558.32,680,95.1,0,1,3,80,0,0.139,59.4,0.65,1
APL300061,42,Student/Intern,25681.31,0.0,799,97.6,0,1,6,79,9,0.524,0.0,0.5076,0
APL300062,35,Student/Intern,53651.74,0.0,569,101.7,0,2,4,75,12,0.0,0.0,0.65,1
APL300063,24,Self-Employed,12000.0,949.03,675,86.4,0,2,4,49,2,0.306,7.9,0.65,1
APL300064,36,Salaried,31414.64,2932.5,736,89.0,0,2,2,77,17,0.439,9.3,0.6343,1
APL300065,28,Salaried,37151.37,10029.45,679,91.7,0,2,5,98,4,0.277,27.0,0.65,1
APL300066,36,Salaried,14380.03,4231.27,803,79.9,0,0,4,58,6,0.331,29.4,0.5064,0
APL300067,32,Salaried,39461.39,6254.71,717,104.8,0,1,5,67,17,0.294,15.9,0.65,1
APL300068,41,Salaried,34164.27,9217.56,807,65.2,0,0,6,84,24,0.54,27.0,0.4164,0
APL300069,37,Salaried,35642.01,9302.04,711,86.8,0,6,8,59,26,0.198,26.1,0.65,1
APL300070,32,Salaried,40293.33,13507.68,500,91.0,0,4,4,47,26,0.014,33.5,0.65,1
APL300071,39,Self-Employed,152522.78,0.0,811,62.3,1,1,4,84,28,0.636,0.0,0.3843,0
APL300072,40,Gig/Freelance,63119.04,0.0,722,97.0,0,1,4,97,20,0.141,0.0,0.6088,1
APL300073,42,Self-Employed,38883.33,12598.61,723,82.1,0,0,6,78,28,0.22,32.4,0.6363,1
APL300074,28,Salaried,88659.62,0.0,667,75.9,0,2,5,36,0,0.308,0.0,0.65,0
APL300075,33,Salaried,15692.48,5372.43,684,66.7,0,1,1,59,17,0.224,34.2,0.65,0
APL300076,38,Student/Intern,35675.73,4827.68,713,63.1,0,4,4,46,12,0.257,13.5,0.65,1
APL300077,30,Salaried,13791.51,52.35,729,54.4,0,2,6,89,32,0.281,0.4,0.5505,0
APL300078,44,Self-Employed,32349.91,0.0,631,99.8,0,1,4,61,31,0.137,0.0,0.65,0
APL300079,25,Salaried,58860.61,11083.41,764,94.3,0,3,9,35,6,0.113,18.8,0.65,1
APL300080,33,Salaried,58574.94,0.0,788,94.7,0,0,4,81,9,0.468,0.0,0.4692,0
APL300081,42,Salaried,35662.63,8968.33,749,85.3,0,1,4,81,13,0.251,25.1,0.616,0
APL300082,30,Self-Employed,12000.0,4014.27,782,76.6,0,1,6,99,21,0.579,33.5,0.4989,1
APL300083,45,Student/Intern,47732.01,1772.2,703,82.9,0,3,5,26,3,0.255,3.7,0.65,1
APL300084,23,Self-Employed,12000.0,4376.9,661,73.4,0,3,7,35,20,0.109,36.5,0.65,1
APL300085,27,Self-Employed,32426.44,0.0,763,67.6,0,2,3,47,19,0.444,0.0,0.5291,1
APL300086,32,Gig/Freelance,25825.72,10004.29,719,75.0,0,2,3,62,15,0.211,38.7,0.65,1
APL300087,28,Gig/Freelance,21228.93,6478.62,754,71.7,0,1,1,35,2,0.39,30.5,0.6148,0
APL300088,32,Gig/Freelance,29947.89,0.0,646,82.4,0,2,4,36,21,0.13,0.0,0.65,0
APL300089,35,Student/Intern,53651.74,0.0,569,101.7,0,2,4,75,12,0.0,0.0,0.65,1
APL300090,31,Self-Employed,146007.05,28074.51,800,82.2,0,1,3,115,22,0.454,19.2,0.445,1
APL300091,33,Salaried,12000.0,9392.56,688,87.1,0,2,3,63,30,0.261,78.3,0.65,1
APL300092,35,Salaried,12000.0,2367.86,709,68.2,0,1,7,34,21,0.424,19.7,0.6379,0
APL300093,35,Salaried,12000.0,6273.6,744,102.1,0,0,6,53,16,0.249,52.3,0.65,0
APL300094,36,Salaried,41431.26,8714.9,624,97.9,0,0,2,65,40,0.142,21.0,0.65,1
APL300095,29,Salaried,34887.63,7626.21,844,71.9,0,1,8,68,14,0.738,21.9,0.3793,1
APL300096,40,Salaried,52087.12,0.0,770,53.9,0,1,3,69,34,0.544,0.0,0.4118,0
APL300097,26,Salaried,55162.7,15436.25,729,89.4,0,1,4,52,15,0.38,28.0,0.65,1
APL300098,34,Self-Employed,15789.13,0.0,756,70.8,0,1,4,96,27,0.376,0.0,0.5223,1
APL300099,29,Self-Employed,12000.0,0.0,687,68.3,0,1,3,56,5,0.321,0.0,0.65,1
APL300100,21,Student/Intern,23567.16,0.0,687,74.3,0,3,6,79,8,0.249,0.0,0.65,0
APL300101,42,Salaried,27777.11,559.5,900,82.5,0,0,7,100,39,0.611,2.0,0.2583,0
APL300102,33,Salaried,12000.0,0.0,697,75.6,0,1,2,77,17,0.074,0.0,0.65,0
APL300103,44,Gig/Freelance,26659.83,0.0,757,104.1,0,1,6,88,19,0.39,0.0,0.5931,1
APL300104,27,Salaried,14555.85,410.0,711,55.6,0,3,5,65,18,0.289,2.8,0.6229,0
APL300105,35,Salaried,45806.35,11138.16,775,59.3,0,1,6,70,25,0.398,24.3,0.4863,0
APL300106,30,Salaried,32860.55,0.0,706,76.6,0,2,2,42,26,0.388,0.0,0.65,0
APL300107,33,Self-Employed,48951.21,16527.98,658,78.5,0,3,6,114,0,0.0,33.8,0.65,0
APL300108,33,Salaried,12000.0,0.0,697,75.6,0,1,2,77,17,0.074,0.0,0.65,0
APL300109,37,Self-Employed,38282.33,7023.32,653,78.6,0,2,0,85,15,0.197,18.3,0.65,0
APL300110,32,Student/Intern,26709.52,0.0,592,87.9,0,1,3,57,3,0.0,0.0,0.65,0
APL300111,30,Salaried,28206.81,3472.0,701,93.2,0,1,5,106,16,0.345,12.3,0.65,1
APL300112,31,Salaried,17471.96,0.0,747,94.6,0,0,6,90,27,0.229,0.0,0.5861,1
APL300113,31,Self-Employed,146007.05,28074.51,800,82.2,0,1,3,115,22,0.454,19.2,0.445,1
APL300114,30,Salaried,27188.38,0.0,816,61.0,0,4,4,113,15,0.604,0.0,0.4153,0
APL300115,21,Self-Employed,23235.28,0.0,848,88.5,0,0,5,96,7,0.549,0.0,0.3783,0
APL300116,37,Self-Employed,33115.71,6690.2,630,86.9,0,2,6,45,21,0.0,20.2,0.65,1
APL300117,35,Salaried,12000.0,0.0,708,86.1,0,1,6,135,25,0.338,0.0,0.6264,0
APL300118,30,Salaried,16856.88,12889.24,818,61.7,0,1,8,85,29,0.794,76.5,0.4225,0
APL300119,24,Salaried,40634.11,10440.73,777,51.8,0,1,7,77,27,0.519,25.7,0.4531,1
APL300120,23,Salaried,40211.7,242.2,715,67.2,0,3,7,83,4,0.211,0.6,0.6195,1
APL300121,40,Salaried,12202.55,10342.39,512,110.2,0,2,8,63,33,0.0,84.8,0.65,1
APL300122,28,Salaried,28705.78,0.0,671,90.4,0,3,6,47,4,0.169,0.0,0.65,1
APL300123,32,Salaried,70662.13,12121.38,772,83.2,0,4,5,77,32,0.646,17.2,0.5502,0
APL300124,43,Self-Employed,52135.27,12092.97,716,94.6,0,2,6,82,39,0.449,23.2,0.65,0
APL300125,26,Salaried,16252.09,0.0,597,85.6,0,1,8,49,22,0.094,0.0,0.65,1
APL300126,47,Self-Employed,25965.9,8323.95,601,99.7,0,2,2,51,35,0.219,32.1,0.65,0
APL300127,35,Gig/Freelance,23391.54,1597.75,666,62.8,0,1,4,52,12,0.237,6.8,0.65,0
APL300128,39,Self-Employed,15193.61,733.49,786,71.2,0,3,7,68,29,0.454,4.8,0.5119,1
APL300129,39,Salaried,33273.43,7327.53,729,80.4,0,1,5,68,23,0.117,22.0,0.6362,0
APL300130,31,Self-Employed,42609.81,613.84,681,97.9,0,2,6,13,0,0.315,1.4,0.65,1
APL300131,22,Gig/Freelance,19619.37,4064.26,656,84.2,0,3,4,42,3,0.171,20.7,0.65,1
APL300132,35,Salaried,45806.35,11138.16,775,59.3,0,1,6,70,25,0.398,24.3,0.4863,0
APL300133,41,Salaried,43337.54,0.0,684,70.6,0,2,6,75,38,0.174,0.0,0.6395,0
APL300134,40,Self-Employed,31675.49,5600.73,661,85.3,0,4,6,76,24,0.111,17.7,0.65,0
APL300135,31,Salaried,29485.62,0.0,753,85.8,0,2,4,115,7,0.314,0.0,0.575,1
APL300136,39,Salaried,37049.2,11969.9,700,69.8,0,2,8,88,37,0.496,32.3,0.6467,1
APL300137,29,Salaried,34887.63,7626.21,844,71.9,0,1,8,68,14,0.738,21.9,0.3793,1
APL300138,26,Salaried,22590.35,0.0,676,90.0,0,1,5,68,0,0.142,0.0,0.65,1
APL300139,30,Salaried,17280.83,2396.01,600,92.5,0,3,3,39,31,0.074,13.9,0.65,1
APL300140,31,Salaried,30701.68,0.0,711,92.9,0,2,4,35,14,0.123,0.0,0.65,1
APL300141,50,Salaried,24592.32,4250.64,737,78.3,0,1,5,83,41,0.471,17.3,0.568,0
APL300142,30,Salaried,28306.63,8607.4,716,87.5,0,3,6,33,3,0.138,30.4,0.65,1
APL300143,49,Salaried,37609.84,5407.01,599,113.0,0,1,3,72,48,0.049,14.4,0.65,0
APL300144,21,Gig/Freelance,65887.14,0.0,606,91.5,0,1,4,48,10,0.0,0.0,0.65,1
APL300145,41,Gig/Freelance,81768.89,9844.24,697,78.1,0,0,5,75,18,0.28,12.0,0.6106,0
APL300146,40,Salaried,17842.82,0.0,566,99.6,0,3,0,61,27,0.0,0.0,0.65,0
APL300147,39,Salaried,17035.73,0.0,683,83.3,1,2,3,88,33,0.008,0.0,0.65,1
APL300148,34,Self-Employed,28400.2,0.0,665,105.3,1,2,8,63,14,0.211,0.0,0.65,0
APL300149,30,Salaried,13791.51,52.35,729,54.4,0,2,6,89,32,0.281,0.4,0.5505,0
APL300150,30,Salaried,18115.19,923.92,705,71.0,0,3,2,67,9,0.136,5.1,0.65,1
APL300151,28,Self-Employed,22025.69,0.0,763,93.8,0,3,5,47,0,0.184,0.0,0.6447,0
APL300152,21,Self-Employed,23235.28,0.0,848,88.5,0,0,5,96,7,0.549,0.0,0.3783,0
APL300153,36,Salaried,12000.0,4862.46,725,38.7,0,1,3,58,5,0.33,40.5,0.5689,1
APL300154,46,Salaried,14639.26,0.0,757,64.2,0,3,6,89,47,0.452,0.0,0.5183,0
APL300155,35,Salaried,12000.0,0.0,708,86.1,0,1,6,135,25,0.338,0.0,0.6264,0
APL300156,44,Self-Employed,32349.91,0.0,631,99.8,0,1,4,61,31,0.137,0.0,0.65,0
APL300157,42,Salaried,19325.33,3290.59,636,67.6,0,1,3,38,30,0.179,17.0,0.65,1
APL300158,28,Salaried,52256.29,12960.11,764,73.4,0,3,5,26,0,0.187,24.8,0.6304,0
APL300159,33,Self-Employed,20421.84,3267.94,720,98.2,0,0,5,95,7,0.347,16.0,0.65,1
APL300160,32,Salaried,15723.17,0.0,532,106.4,0,3,5,36,14,0.0,0.0,0.65,0
APL300161,37,Salaried,27003.63,5139.13,790,78.6,0,2,6,112,17,0.303,19.0,0.5115,0
APL300162,32,Gig/Freelance,29947.89,0.0,646,82.4,0,2,4,36,21,0.13,0.0,0.65,0
APL300163,31,Gig/Freelance,29416.73,7437.96,651,70.4,0,4,5,73,15,0.0,25.3,0.65,1
APL300164,41,Self-Employed,37175.24,2341.59,599,97.2,0,5,6,38,19,0.0,6.3,0.65,1
APL300165,40,Salaried,25715.78,0.0,669,93.0,0,1,1,69,22,0.112,0.0,0.65,1
APL300166,36,Self-Employed,16468.87,0.0,706,71.1,0,1,4,68,33,0.256,0.0,0.6255,1
APL300167,38,Salaried,27216.21,8587.9,630,102.1,0,0,7,63,37,0.044,31.6,0.65,1
APL300168,21,Salaried,57793.85,8833.23,736,94.1,0,0,4,54,4,0.237,15.3,0.635,0
APL300169,25,Gig/Freelance,25094.2,4168.84,820,64.1,0,2,4,101,15,0.438,16.6,0.4228,1
APL300170,37,Salaried,12000.0,0.0,720,91.4,0,3,4,33,11,0.402,0.0,0.65,1
APL300171,42,Salaried,56144.26,4455.49,691,83.3,0,2,5,47,24,0.479,7.9,0.65,0
APL300172,35,Salaried,41532.15,1420.72,714,75.1,0,2,5,90,15,0.364,3.4,0.6053,1
APL300173,35,Salaried,22618.62,7135.12,667,94.9,0,1,7,75,17,0.326,31.5,0.65,1
APL300174,40,Salaried,15095.44,0.0,634,70.1,0,1,9,44,24,0.21,0.0,0.65,0
APL300175,29,Salaried,48329.94,9296.8,611,105.1,0,2,2,53,4,0.181,19.2,0.65,1
APL300176,30,Salaried,21220.07,3073.35,635,105.0,0,5,6,80,41,0.256,14.5,0.65,0
APL300177,24,Gig/Freelance,26782.43,0.0,619,49.6,0,3,6,21,0,0.101,0.0,0.65,1
APL300178,36,Salaried,50989.52,0.0,678,76.8,0,1,7,25,25,0.09,0.0,0.65,0
APL300179,21,Self-Employed,12000.0,2071.09,676,97.4,0,2,7,65,3,0.126,17.3,0.65,1
APL300180,29,Self-Employed,19162.39,0.0,620,60.0,0,1,4,29,25,0.246,0.0,0.65,1
APL300181,25,Self-Employed,23200.14,0.0,601,91.1,0,2,5,33,0,0.11,0.0,0.65,0
APL300182,30,Salaried,39362.19,0.0,722,70.6,0,1,5,45,14,0.331,0.0,0.5846,1
APL300183,48,Salaried,15434.15,0.0,731,71.7,0,4,4,67,66,0.272,0.0,0.6124,1
APL300184,27,Salaried,81869.25,14137.57,784,68.9,0,2,6,97,0,0.437,17.3,0.4843,0
APL300185,36,Salaried,51885.89,11479.86,808,83.7,0,0,5,50,23,0.522,22.1,0.4684,0
APL300186,35,Salaried,17309.47,0.0,602,68.8,0,1,7,69,26,0.008,0.0,0.65,1
APL300187,32,Salaried,12029.28,0.0,695,86.5,0,0,6,44,15,0.204,0.0,0.65,1
APL300188,33,Salaried,48477.97,11192.16,770,78.3,0,0,7,8,32,0.314,23.1,0.5539,1
APL300189,35,Salaried,17309.47,0.0,602,68.8,0,1,7,69,26,0.008,0.0,0.65,1
APL300190,39,Self-Employed,59617.99,0.0,564,78.6,0,1,2,61,38,0.076,0.0,0.65,0
APL300191,28,Self-Employed,22025.69,0.0,763,93.8,0,3,5,47,0,0.184,0.0,0.6447,0
APL300192,27,Salaried,15412.14,0.0,729,80.7,0,3,2,60,13,0.398,0.0,0.65,1
APL300193,25,Self-Employed,23200.14,0.0,601,91.1,0,2,5,33,0,0.11,0.0,0.65,0
APL300194,46,Salaried,27745.39,0.0,732,97.9,0,6,7,61,40,0.243,0.0,0.65,0
APL300195,24,Salaried,52219.46,7733.81,618,133.4,0,0,6,34,16,0.0,14.8,0.65,0
APL300196,22,Salaried,48754.23,13383.78,662,86.7,0,0,7,30,8,0.16,27.5,0.65,1
APL300197,39,Self-Employed,24176.3,4810.86,623,87.6,0,1,7,63,37,0.177,19.9,0.65,0
APL300198,25,Salaried,22666.33,0.0,774,56.3,0,0,3,26,6,0.447,0.0,0.4789,0
APL300199,28,Self-Employed,36434.63,0.0,689,77.7,0,0,2,74,0,0.262,0.0,0.65,1
APL300200,21,Salaried,14464.06,5139.53,754,66.6,0,1,6,61,5,0.187,35.5,0.585,1
APL300201,30,Self-Employed,45370.34,0.0,711,65.8,0,0,4,52,6,0.354,0.0,0.573,0
APL300202,28,Self-Employed,28028.64,1925.17,614,86.6,0,2,7,76,19,0.033,6.9,0.65,0
APL300203,40,Salaried,13668.51,0.0,677,79.6,0,2,7,47,38,0.373,0.0,0.65,0
APL300204,45,Salaried,61629.17,11829.11,687,83.2,0,2,5,53,30,0.161,19.2,0.65,0
APL300205,28,Self-Employed,22025.69,0.0,763,93.8,0,3,5,47,0,0.184,0.0,0.6447,0
APL300206,30,Student/Intern,19314.04,6730.11,668,112.9,0,3,7,95,7,0.066,34.8,0.65,1
APL300207,42,Salaried,44270.52,7510.98,793,78.3,0,0,2,75,33,0.422,17.0,0.4733,1
APL300208,36,Salaried,34239.72,9134.2,760,105.4,0,1,5,75,1,0.387,26.7,0.6444,1
APL300209,33,Salaried,31303.93,8361.32,719,56.6,0,1,1,79,0,0.282,26.7,0.6222,0
APL300210,35,Salaried,84090.29,17548.99,798,79.5,0,0,3,72,19,0.507,20.9,0.4686,1
APL300211,34,Salaried,26387.59,0.0,701,103.3,0,0,3,23,0,0.246,0.0,0.65,0
APL300212,31,Self-Employed,35526.99,4031.96,647,85.7,0,4,3,50,29,0.214,11.3,0.65,0
APL300213,40,Salaried,14134.52,3146.7,800,79.0,0,2,5,70,23,0.354,22.3,0.5138,0
APL300214,28,Salaried,26139.27,535.54,858,83.4,0,1,7,100,22,0.592,2.0,0.3503,0
APL300215,21,Gig/Freelance,65887.14,0.0,606,91.5,0,1,4,48,10,0.0,0.0,0.65,1
APL300216,33,Salaried,24705.12,0.0,741,67.0,0,2,3,90,17,0.304,0.0,0.5659,1
APL300217,35,Salaried,29230.2,0.0,738,59.8,0,1,4,82,25,0.322,0.0,0.522,0
APL300218,29,Salaried,21141.91,7514.73,616,110.0,0,2,3,55,27,0.113,35.5,0.65,0
APL300219,30,Salaried,33993.76,7399.5,567,81.7,0,1,5,26,15,0.0,21.8,0.65,1
APL300220,33,Salaried,28106.57,721.66,848,86.0,0,0,7,66,12,0.585,2.6,0.3781,0
APL300221,27,Student/Intern,29341.2,3665.61,736,78.8,0,2,3,77,1,0.408,12.5,0.6251,0
APL300222,31,Self-Employed,85744.31,17543.98,673,100.2,0,0,4,63,16,0.147,20.5,0.65,0
APL300223,23,Salaried,32887.99,0.0,715,77.6,0,1,6,118,24,0.06,0.0,0.5983,1
APL300224,38,Self-Employed,13321.42,6646.02,814,94.1,0,2,3,104,22,0.388,49.9,0.5367,1
APL300225,36,Self-Employed,16468.87,0.0,706,71.1,0,1,4,68,33,0.256,0.0,0.6255,1
APL300226,33,Student/Intern,32874.14,10403.85,629,80.9,0,2,4,51,10,0.195,31.6,0.65,0
APL300227,30,Salaried,13791.51,52.35,729,54.4,0,2,6,89,32,0.281,0.4,0.5505,0
APL300228,38,Salaried,29081.53,7083.87,724,63.6,0,1,6,79,43,0.345,24.4,0.5724,1
APL300229,40,Self-Employed,31675.49,5600.73,661,85.3,0,4,6,76,24,0.111,17.7,0.65,0
APL300230,21,Gig/Freelance,27154.66,5690.65,645,98.1,0,0,2,59,8,0.409,21.0,0.65,1
APL300231,36,Salaried,27795.43,15814.07,696,76.7,0,2,6,51,2,0.238,56.9,0.65,0
APL300232,33,Salaried,53042.89,9724.3,553,71.6,0,3,2,25,37,0.0,18.3,0.65,1
APL300233,45,Salaried,33639.29,9288.04,724,67.8,0,1,8,85,37,0.272,27.6,0.5946,1
APL300234,34,Salaried,33684.73,6360.75,603,138.4,0,4,3,87,47,0.163,18.9,0.65,1
APL300235,40,Salaried,14134.52,3146.7,800,79.0,0,2,5,70,23,0.354,22.3,0.5138,0
APL300236,38,Gig/Freelance,30327.93,8437.97,462,103.4,0,3,3,22,10,0.0,27.8,0.65,1
APL300237,33,Salaried,31303.93,8361.32,719,56.6,0,1,1,79,0,0.282,26.7,0.6222,0
APL300238,35,Salaried,49613.18,4184.66,688,77.4,0,1,2,71,8,0.055,8.4,0.65,1
APL300239,35,Salaried,31724.81,0.0,749,68.2,0,3,7,83,12,0.525,0.0,0.5446,0
APL300240,30,Salaried,34976.37,7796.74,797,43.9,0,0,6,51,21,0.636,22.3,0.3854,0
APL300241,33,Salaried,53665.86,0.0,620,92.4,0,3,6,16,23,0.26,0.0,0.65,1
APL300242,31,Salaried,93915.02,15727.45,748,97.7,0,1,8,46,18,0.139,16.7,0.6263,0
APL300243,38,Student/Intern,34911.68,0.0,787,94.9,0,2,6,80,9,0.73,0.0,0.5119,0
APL300244,30,Self-Employed,35041.05,11799.37,672,95.0,0,3,3,28,15,0.107,33.7,0.65,1
APL300245,36,Gig/Freelance,51184.29,0.0,652,87.3,0,3,3,96,20,0.204,0.0,0.65,0
APL300246,33,Self-Employed,48951.21,16527.98,658,78.5,0,3,6,114,0,0.0,33.8,0.65,0
APL300247,44,Self-Employed,40268.48,14113.3,751,122.4,0,2,2,73,11,0.393,35.0,0.65,1
APL300248,35,Salaried,53576.19,13845.21,753,102.0,0,1,2,44,16,0.264,25.8,0.65,0
APL300249,36,Gig/Freelance,58092.4,10160.31,614,88.9,0,0,5,44,4,0.259,17.5,0.65,1
APL300250,32,Salaried,15392.2,1995.85,610,95.3,0,3,5,23,25,0.264,13.0,0.65,1
APL300251,29,Salaried,39405.93,3425.59,645,77.2,0,2,4,57,10,0.407,8.7,0.65,0
APL300252,47,Self-Employed,65583.88,17117.64,627,92.8,0,0,1,52,48,0.256,26.1,0.65,1
APL300253,29,Salaried,43429.84,10163.4,677,102.0,0,2,4,84,17,0.0,23.4,0.65,0
APL300254,28,Salaried,74413.4,11958.28,702,85.4,0,0,6,85,2,0.199,16.1,0.65,1
APL300255,21,Self-Employed,12000.0,2071.09,676,97.4,0,2,7,65,3,0.126,17.3,0.65,1
APL300256,36,Student/Intern,29863.02,3004.51,692,110.7,1,0,5,54,10,0.27,10.1,0.65,0
APL300257,34,Self-Employed,36134.41,0.0,762,87.1,0,0,3,92,18,0.761,0.0,0.4945,0
APL300258,34,Self-Employed,30516.33,0.0,612,67.2,0,3,2,67,7,0.0,0.0,0.65,1
APL300259,28,Student/Intern,25510.01,0.0,745,78.0,0,2,5,56,8,0.318,0.0,0.5973,1
APL300260,35,Self-Employed,17256.73,0.0,763,85.5,0,1,4,99,12,0.401,0.0,0.5527,0
APL300261,34,Salaried,12049.88,5073.2,591,77.8,0,2,2,54,20,0.142,42.1,0.65,1
APL300262,28,Salaried,28853.67,2364.96,727,96.6,0,2,7,94,6,0.428,8.2,0.65,0
APL300263,21,Salaried,29508.75,0.0,637,93.5,0,1,8,73,7,0.099,0.0,0.65,1
APL300264,27,Self-Employed,23469.84,8254.02,713,106.5,0,0,6,77,18,0.344,35.2,0.65,1
APL300265,38,Gig/Freelance,26195.51,0.0,756,86.0,0,1,2,82,19,0.327,0.0,0.5734,1
APL300266,29,Student/Intern,19851.53,510.44,724,82.9,0,1,4,76,2,0.16,2.6,0.6466,0
APL300267,25,Student/Intern,21017.76,8750.44,639,57.6,0,0,4,79,8,0.053,41.6,0.65,0
APL300268,33,Salaried,46070.36,0.0,734,85.1,0,2,8,52,3,0.354,0.0,0.611,0
APL300269,27,Self-Employed,19163.76,0.0,707,75.4,0,0,8,1,18,0.161,0.0,0.65,1
APL300270,30,Self-Employed,42346.91,3515.52,729,77.3,0,3,3,83,0,0.472,8.3,0.6269,1
APL300271,29,Student/Intern,12000.0,0.0,680,99.4,0,2,8,75,15,0.264,0.0,0.65,1
APL300272,40,Salaried,17546.6,0.0,864,63.3,0,0,10,88,8,0.52,0.0,0.3077,0
APL300273,43,Salaried,27660.37,0.0,697,75.2,0,1,10,94,35,0.592,0.0,0.5944,1
APL300274,32,Salaried,35004.17,4140.11,693,79.4,0,2,4,89,19,0.2,11.8,0.65,1
APL300275,23,Salaried,42641.72,8594.37,675,85.6,0,3,2,12,0,0.121,20.2,0.65,1
APL300276,40,Salaried,17842.82,0.0,566,99.6,0,3,0,61,27,0.0,0.0,0.65,0
APL300277,26,Salaried,53115.04,4501.78,582,92.0,0,3,6,1,13,0.05,8.5,0.65,0
APL300278,22,Self-Employed,12000.0,4590.68,719,57.1,0,1,8,36,0,0.016,38.3,0.6482,1
APL300279,35,Salaried,37146.46,4454.26,762,69.9,0,2,3,46,8,0.193,12.0,0.5799,0
APL300280,32,Salaried,12000.0,1714.69,565,92.6,0,4,4,31,14,0.0,14.3,0.65,1
APL300281,38,Salaried,27216.21,8587.9,630,102.1,0,0,7,63,37,0.044,31.6,0.65,1
APL300282,36,Student/Intern,18688.69,0.0,759,64.6,0,2,5,82,16,0.28,0.0,0.5328,0
APL300283,39,Salaried,35590.32,12447.31,679,80.5,0,4,5,35,37,0.398,35.0,0.65,1
APL300284,22,Salaried,24286.08,0.0,679,54.3,0,5,7,16,16,0.203,0.0,0.65,1
APL300285,25,Self-Employed,96996.22,20516.34,653,100.8,0,5,4,17,11,0.061,21.2,0.65,0
APL300286,21,Self-Employed,23235.28,0.0,848,88.5,0,0,5,96,7,0.549,0.0,0.3783,0
APL300287,32,Salaried,25449.33,1390.76,757,90.3,0,2,8,91,31,0.367,5.5,0.5763,1
APL300288,27,Gig/Freelance,33368.4,0.0,583,99.4,0,4,6,76,2,0.15,0.0,0.65,0
APL300289,34,Gig/Freelance,13624.56,6593.39,571,93.1,0,1,3,14,2,0.0,48.4,0.65,0
APL300290,39,Salaried,38717.28,0.0,687,84.0,0,2,3,86,22,0.308,0.0,0.65,1
APL300291,31,Gig/Freelance,51384.57,14601.36,723,99.4,0,0,7,38,22,0.324,28.4,0.65,1
APL300292,37,Salaried,36161.04,0.0,736,68.0,0,2,4,100,19,0.31,0.0,0.5511,1
APL300293,30,Salaried,57008.44,13935.14,568,146.5,0,2,4,3,10,0.0,24.4,0.65,1
APL300294,31,Salaried,13204.05,9303.82,709,75.3,0,2,5,77,26,0.222,70.5,0.65,0
APL300295,25,Self-Employed,96996.22,20516.34,653,100.8,0,5,4,17,11,0.061,21.2,0.65,0
APL300296,24,Student/Intern,25591.64,3310.69,731,71.6,0,7,5,54,10,0.437,12.9,0.65,0
APL300297,28,Salaried,20843.26,7489.49,771,99.4,0,1,4,61,15,0.184,35.9,0.6361,1
APL300298,31,Self-Employed,15066.78,1222.57,766,59.9,0,4,9,87,25,0.385,8.1,0.5373,1
APL300299,34,Salaried,24689.52,0.0,734,66.4,0,0,2,72,16,0.174,0.0,0.5662,0
APL300300,32,Self-Employed,22271.07,7359.08,777,62.0,0,1,10,66,13,0.405,33.0,0.5106,0
APL300301,28,Salaried,43566.76,11363.76,789,95.6,0,0,7,40,27,0.573,26.1,0.5393,0
APL300302,30,Gig/Freelance,16285.04,0.0,797,73.2,0,0,6,51,17,0.569,0.0,0.4491,1
APL300303,44,Student/Intern,26960.37,3438.19,623,84.2,0,2,3,84,0,0.275,12.8,0.65,1
APL300304,22,Salaried,96360.0,19414.19,745,91.8,0,1,5,109,0,0.459,20.1,0.5919,0
APL300305,30,Self-Employed,19620.48,0.0,786,85.1,0,1,6,85,0,0.465,0.0,0.5148,1
APL300306,35,Gig/Freelance,18842.84,855.68,662,70.7,0,0,3,31,14,0.236,4.5,0.65,1
APL300307,23,Self-Employed,58771.43,18151.09,604,109.4,0,2,4,49,15,0.0,30.9,0.65,1
APL300308,40,Salaried,22203.86,3139.11,665,79.7,0,1,6,80,28,0.267,14.1,0.65,0
APL300309,42,Salaried,47829.41,9571.66,624,112.1,0,2,5,53,10,0.052,20.0,0.65,0
APL300310,40,Self-Employed,31727.61,2233.42,710,82.2,0,2,8,34,45,0.296,7.0,0.65,1
APL300311,21,Salaried,33723.43,0.0,627,77.8,0,1,4,35,0,0.168,0.0,0.65,1
APL300312,31,Student/Intern,21788.71,0.0,813,98.0,0,0,6,78,13,0.416,0.0,0.4771,1
APL300313,42,Self-Employed,17756.65,0.0,788,87.0,0,0,6,91,29,0.387,0.0,0.482,0
APL300314,26,Student/Intern,49299.85,0.0,732,72.2,0,2,4,52,0,0.195,0.0,0.598,1
APL300315,21,Student/Intern,23567.16,0.0,687,74.3,0,3,6,79,8,0.249,0.0,0.65,0
APL300316,35,Salaried,34797.04,9352.56,771,91.5,0,2,2,63,34,0.451,26.9,0.6025,1
APL300317,31,Salaried,20213.68,4880.34,605,72.1,0,2,8,24,10,0.119,24.1,0.65,1
APL300318,30,Salaried,28206.81,3472.0,701,93.2,0,1,5,106,16,0.345,12.3,0.65,1
APL300319,33,Salaried,22167.41,0.0,853,70.4,0,1,0,83,21,0.44,0.0,0.3727,1
APL300320,32,Salaried,33143.57,1101.79,698,59.0,0,2,4,101,10,0.268,3.3,0.612,0
APL300321,30,Salaried,16620.82,12052.77,701,90.4,0,1,5,94,0,0.39,72.5,0.65,1
APL300322,33,Salaried,12000.0,0.0,697,75.6,0,1,2,77,17,0.074,0.0,0.65,0
APL300323,27,Salaried,20139.1,11196.85,672,96.7,0,2,4,36,9,0.101,55.6,0.65,0
APL300324,26,Salaried,14737.26,0.0,654,87.3,0,1,5,27,4,0.046,0.0,0.65,0
APL300325,38,Salaried,48897.08,10118.53,664,105.4,0,1,8,65,26,0.305,20.7,0.65,0
APL300326,30,Salaried,15344.53,3454.42,748,85.8,0,0,8,82,10,0.466,22.5,0.5814,1
APL300327,33,Salaried,31303.93,8361.32,719,56.6,0,1,1,79,0,0.282,26.7,0.6222,0
APL300328,35,Salaried,17309.47,0.0,602,68.8,0,1,7,69,26,0.008,0.0,0.65,1
APL300329,30,Self-Employed,45370.34,0.0,711,65.8,0,0,4,52,6,0.354,0.0,0.573,0
APL300330,29,Salaried,22106.04,3767.37,833,102.4,0,1,2,48,8,0.851,17.0,0.4901,0
APL300331,35,Student/Intern,26399.85,8793.88,822,78.2,0,0,5,107,10,0.423,33.3,0.4376,0
APL300332,40,Salaried,12202.55,10342.39,512,110.2,0,2,8,63,33,0.0,84.8,0.65,1
APL300333,32,Salaried,71927.66,0.0,703,93.8,0,1,4,76,4,0.422,0.0,0.6236,0
APL300334,41,Self-Employed,48158.89,0.0,725,72.2,0,2,5,114,28,0.348,0.0,0.5443,0
APL300335,47,Salaried,44753.65,0.0,773,82.2,0,1,5,120,35,0.544,0.0,0.4494,1
APL300336,27,Salaried,20139.1,11196.85,672,96.7,0,2,4,36,9,0.101,55.6,0.65,0
APL300337,25,Self-Employed,96996.22,20516.34,653,100.8,0,5,4,17,11,0.061,21.2,0.65,0
APL300338,29,Salaried,28036.43,7250.61,714,91.0,0,2,2,39,32,0.443,25.9,0.65,1
APL300339,26,Self-Employed,29400.24,0.0,643,92.4,0,1,6,67,10,0.161,0.0,0.65,1
APL300340,28,Salaried,28705.78,0.0,671,90.4,0,3,6,47,4,0.169,0.0,0.65,1
APL300341,42,Salaried,56144.26,4455.49,691,83.3,0,2,5,47,24,0.479,7.9,0.65,0
APL300342,30,Salaried,38087.97,8467.23,733,71.5,0,1,6,45,17,0.418,22.2,0.6022,1
APL300343,29,Salaried,12000.0,2586.88,695,68.9,0,2,6,35,34,0.177,21.6,0.65,0
APL300344,31,Salaried,41417.35,12439.75,698,91.7,0,1,7,84,24,0.188,30.0,0.65,0
APL300345,40,Self-Employed,34306.59,0.0,688,74.7,0,0,4,93,21,0.249,0.0,0.6233,1
APL300346,32,Salaried,16045.32,489.82,688,96.1,1,1,7,80,23,0.245,3.1,0.65,0
APL300347,24,Gig/Freelance,29760.93,0.0,670,67.2,1,1,6,45,1,0.133,0.0,0.65,1
APL300348,35,Salaried,49613.18,4184.66,688,77.4,0,1,2,71,8,0.055,8.4,0.65,1
APL300349,29,Self-Employed,13973.55,0.0,691,77.6,0,3,8,29,5,0.0,0.0,0.65,0
APL300350,27,Salaried,27084.43,0.0,583,108.9,0,1,9,84,10,0.055,0.0,0.65,0
APL300351,27,Salaried,20139.1,11196.85,672,96.7,0,2,4,36,9,0.101,55.6,0.65,0
APL300352,46,Salaried,29672.44,0.0,583,80.9,0,5,3,51,38,0.179,0.0,0.65,1
APL300353,32,Salaried,15392.2,1995.85,610,95.3,0,3,5,23,25,0.264,13.0,0.65,1
APL300354,45,Gig/Freelance,25382.81,11231.98,728,99.8,0,2,4,116,14,0.202,44.3,0.65,0
APL300355,35,Gig/Freelance,23391.54,1597.75,666,62.8,0,1,4,52,12,0.237,6.8,0.65,0
APL300356,26,Salaried,16252.09,0.0,597,85.6,0,1,8,49,22,0.094,0.0,0.65,1
APL300357,31,Student/Intern,57853.59,0.0,687,60.2,0,2,2,45,10,0.287,0.0,0.6331,1
APL300358,26,Salaried,84601.27,0.0,620,65.2,0,3,4,47,0,0.0,0.0,0.65,1
APL300359,30,Self-Employed,12000.0,3694.88,611,120.4,0,0,6,47,18,0.357,30.8,0.65,1
APL300360,29,Self-Employed,13973.55,0.0,691,77.6,0,3,8,29,5,0.0,0.0,0.65,0
APL300361,26,Gig/Freelance,32902.08,8888.39,700,124.8,0,2,7,45,8,0.06,27.0,0.65,0
APL300362,39,Salaried,38746.46,2254.91,726,94.0,0,2,4,44,13,0.39,5.8,0.65,0
APL300363,39,Self-Employed,68032.92,9887.32,721,106.3,0,1,3,68,21,0.303,14.5,0.65,0
APL300364,29,Gig/Freelance,33044.07,8763.9,719,96.0,0,0,6,65,10,0.118,26.5,0.65,0
APL300365,35,Salaried,44034.38,10816.18,753,92.3,0,0,1,98,25,0.329,24.6,0.6002,0
APL300366,34,Salaried,44425.4,6735.54,579,110.5,0,1,8,27,27,0.0,15.2,0.65,1
APL300367,24,Self-Employed,35051.91,5220.16,786,66.6,0,1,5,77,0,0.589,14.9,0.4701,0
APL300368,24,Salaried,25909.69,3562.85,769,83.3,0,0,8,76,3,0.11,13.8,0.5611,1
APL300369,24,Self-Employed,35051.91,5220.16,786,66.6,0,1,5,77,0,0.589,14.9,0.4701,0
APL300370,36,Gig/Freelance,76530.44,17031.19,566,91.1,0,1,5,26,22,0.0,22.3,0.65,1
APL300371,34,Salaried,55038.11,0.0,665,83.9,1,1,2,40,22,0.381,0.0,0.65,1
APL300372,29,Self-Employed,29870.16,0.0,796,73.0,0,3,0,71,8,0.537,0.0,0.5099,0
APL300373,38,Salaried,12000.0,0.0,636,93.2,0,3,4,33,23,0.184,0.0,0.65,1
APL300374,26,Salaried,38842.98,5066.96,618,108.8,0,3,2,59,7,0.0,13.0,0.65,1
APL300375,33,Salaried,48477.97,11192.16,770,78.3,0,0,7,8,32,0.314,23.1,0.5539,1
APL300376,35,Salaried,36167.36,11651.74,626,88.8,0,3,5,22,4,0.104,32.2,0.65,0
APL300377,34,Salaried,19669.13,2926.47,684,48.7,0,1,4,77,18,0.238,14.9,0.6266,1
APL300378,33,Self-Employed,51697.01,0.0,801,93.0,0,2,2,81,33,0.383,0.0,0.4842,1
APL300379,32,Salaried,40293.33,13507.68,500,91.0,0,4,4,47,26,0.014,33.5,0.65,1
APL300380,32,Salaried,12000.0,6526.38,588,87.3,0,4,2,73,22,0.013,54.4,0.65,1
APL300381,43,Gig/Freelance,20644.07,0.0,820,49.6,0,1,6,62,12,0.616,0.0,0.3603,0
APL300382,35,Salaried,34393.0,2572.08,643,83.2,0,6,1,59,33,0.28,7.5,0.65,0
APL300383,36,Gig/Freelance,76530.44,17031.19,566,91.1,0,1,5,26,22,0.0,22.3,0.65,1
APL300384,35,Salaried,50298.76,0.0,661,71.1,0,3,0,85,13,0.18,0.0,0.65,1
APL300385,30,Salaried,15326.75,0.0,716,83.7,0,0,3,60,8,0.082,0.0,0.65,0
APL300386,49,Salaried,37609.84,5407.01,599,113.0,0,1,3,72,48,0.049,14.4,0.65,0
APL300387,36,Gig/Freelance,58092.4,10160.31,614,88.9,0,0,5,44,4,0.259,17.5,0.65,1
APL300388,32,Self-Employed,12000.0,7805.14,661,79.7,0,2,8,6,0,0.228,65.0,0.65,0
APL300389,30,Salaried,91743.17,13762.85,700,104.7,0,1,8,63,9,0.078,15.0,0.65,1
APL300390,21,Salaried,33723.43,0.0,627,77.8,0,1,4,35,0,0.168,0.0,0.65,1
APL300391,35,Self-Employed,14677.08,0.0,786,93.3,0,2,6,74,15,0.478,0.0,0.5521,1
APL300392,22,Salaried,25423.34,5142.3,483,99.3,0,2,4,29,0,0.0,20.2,0.65,0
APL300393,29,Salaried,12000.0,0.0,749,58.4,0,1,4,69,17,0.368,0.0,0.5299,0
APL300394,37,Self-Employed,38282.33,7023.32,653,78.6,0,2,0,85,15,0.197,18.3,0.65,0
APL300395,23,Salaried,80581.89,0.0,794,65.0,0,0,8,77,29,0.557,0.0,0.3383,0
APL300396,31,Gig/Freelance,37347.51,15799.33,682,106.7,0,3,2,66,0,0.237,42.3,0.65,1
APL300397,27,Salaried,38851.42,0.0,673,107.2,0,2,4,39,13,0.003,0.0,0.65,1
APL300398,39,Salaried,49499.84,0.0,661,61.4,0,2,5,74,39,0.235,0.0,0.6438,0
APL300399,23,Salaried,14617.16,0.0,662,52.1,0,2,3,34,5,0.0,0.0,0.65,0
APL300400,40,Salaried,26866.27,0.0,714,88.6,0,2,6,46,29,0.35,0.0,0.65,0
APL300401,24,Salaried,52219.46,7733.81,618,133.4,0,0,6,34,16,0.0,14.8,0.65,0
APL300402,29,Gig/Freelance,33044.07,8763.9,719,96.0,0,0,6,65,10,0.118,26.5,0.65,0
APL300403,35,Self-Employed,34080.37,7175.65,813,53.6,0,0,4,84,2,0.63,21.1,0.383,0
APL300404,30,Self-Employed,23944.89,7164.52,650,104.1,0,3,7,31,0,0.011,29.9,0.65,0
APL300405,38,Salaried,31105.32,9215.67,759,70.0,0,0,3,62,45,0.377,29.6,0.5329,1
APL300406,31,Salaried,25120.54,0.0,705,70.5,0,1,6,73,9,0.277,0.0,0.6239,1
APL300407,30,Salaried,34976.37,7796.74,797,43.9,0,0,6,51,21,0.636,22.3,0.3854,0
APL300408,44,Self-Employed,40268.48,14113.3,751,122.4,0,2,2,73,11,0.393,35.0,0.65,1
APL300409,44,Self-Employed,40268.48,14113.3,751,122.4,0,2,2,73,11,0.393,35.0,0.65,1
APL300410,22,Gig/Freelance,34875.53,0.0,736,83.6,0,1,2,18,3,0.32,0.0,0.6334,0
APL300411,48,Self-Employed,26429.49,0.0,695,90.7,0,5,3,52,30,0.254,0.0,0.65,0
APL300412,25,Self-Employed,86495.55,0.0,626,97.4,0,3,4,78,12,0.007,0.0,0.65,1
APL300413,32,Salaried,16128.19,2702.67,711,89.6,0,1,3,40,16,0.36,16.8,0.65,0
APL300414,30,Salaried,15326.75,0.0,716,83.7,0,0,3,60,8,0.082,0.0,0.65,0
APL300415,31,Gig/Freelance,37347.51,15799.33,682,106.7,0,3,2,66,0,0.237,42.3,0.65,1
APL300416,32,Self-Employed,92114.04,14439.82,670,62.5,0,2,6,61,24,0.254,15.7,0.65,0
APL300417,43,Gig/Freelance,12000.0,0.0,719,76.9,0,1,8,121,29,0.157,0.0,0.603,0
APL300418,31,Salaried,14547.59,3365.19,701,63.1,0,0,5,53,6,0.31,23.1,0.634,0
APL300419,33,Self-Employed,51697.01,0.0,801,93.0,0,2,2,81,33,0.383,0.0,0.4842,1
APL300420,32,Salaried,48201.63,12478.0,816,63.8,0,2,3,42,0,0.655,25.9,0.4705,0
APL300421,43,Self-Employed,52135.27,12092.97,716,94.6,0,2,6,82,39,0.449,23.2,0.65,0
APL300422,25,Salaried,12000.0,3965.07,722,58.8,0,2,5,91,0,0.276,33.0,0.6169,1
APL300423,40,Salaried,30205.19,0.0,794,59.9,0,1,3,88,41,0.457,0.0,0.4042,0
APL300424,23,Salaried,45909.18,0.0,630,47.8,0,4,4,35,12,0.11,0.0,0.65,1
APL300425,27,Salaried,43242.34,9922.84,780,104.6,0,0,4,71,19,0.444,22.9,0.5754,1
APL300426,27,Salaried,43242.34,9922.84,780,104.6,0,0,4,71,19,0.444,22.9,0.5754,1
APL300427,30,Salaried,20591.73,5048.19,758,67.9,0,2,5,87,0,0.146,24.5,0.5845,1
APL300428,30,Self-Employed,31317.53,3744.29,618,103.2,0,3,5,61,22,0.237,12.0,0.65,1
APL300429,25,Student/Intern,64162.26,0.0,734,76.3,0,0,4,49,5,0.32,0.0,0.5407,1
APL300430,30,Salaried,21220.07,3073.35,635,105.0,0,5,6,80,41,0.256,14.5,0.65,0
APL300431,21,Salaried,20579.49,0.0,653,87.0,0,2,4,47,0,0.185,0.0,0.65,1
APL300432,21,Salaried,49208.54,10508.85,653,109.7,0,0,6,31,0,0.2,21.4,0.65,1
APL300433,33,Student/Intern,32874.14,10403.85,629,80.9,0,2,4,51,10,0.195,31.6,0.65,0
APL300434,34,Salaried,29135.67,6754.7,751,82.7,0,0,8,54,4,0.301,23.2,0.598,1
APL300435,34,Salaried,16289.08,964.58,651,65.0,0,0,6,56,15,0.204,5.9,0.65,1
APL300436,38,Self-Employed,29973.6,0.0,782,52.4,0,2,2,70,36,0.431,0.0,0.443,1
APL300437,39,Salaried,29125.05,6645.55,671,86.3,0,4,8,90,32,0.229,22.8,0.65,0
APL300438,44,Self-Employed,63787.81,13088.56,792,62.7,0,2,10,69,32,0.378,20.5,0.4667,0
APL300439,26,Salaried,38842.98,5066.96,618,108.8,0,3,2,59,7,0.0,13.0,0.65,1
APL300440,35,Student/Intern,21967.15,0.0,762,77.0,0,2,5,80,22,0.42,0.0,0.5405,0
APL300441,35,Gig/Freelance,26931.47,6022.42,712,86.9,0,1,3,57,16,0.308,22.4,0.65,0
APL300442,35,Salaried,15222.34,0.0,726,93.1,0,1,3,116,18,0.059,0.0,0.65,1
APL300443,24,Self-Employed,24794.51,2048.75,784,48.8,0,1,2,73,15,0.323,8.3,0.4519,0
APL300444,32,Salaried,22209.33,5177.6,798,55.9,0,1,5,20,16,0.386,23.3,0.47,1
APL300445,34,Self-Employed,18550.7,6725.38,748,57.9,0,1,5,51,17,0.401,36.3,0.5571,0
APL300446,26,Salaried,16218.83,0.0,603,69.2,0,3,6,70,4,0.0,0.0,0.65,0
APL300447,39,Salaried,25633.76,6348.3,695,109.8,0,4,3,74,23,0.081,24.8,0.65,1
APL300448,27,Self-Employed,29071.95,2824.63,734,70.3,0,0,4,74,6,0.47,9.7,0.559,0
APL300449,27,Self-Employed,32058.58,0.0,721,91.3,0,3,3,65,9,0.187,0.0,0.65,1
APL300450,25,Salaried,22666.33,0.0,774,56.3,0,0,3,26,6,0.447,0.0,0.4789,0
APL300451,30,Gig/Freelance,32797.21,115.34,711,52.9,0,3,10,53,4,0.072,0.4,0.6245,1
APL300452,38,Self-Employed,24759.79,3141.75,642,93.1,0,2,5,63,25,0.237,12.7,0.65,0
APL300453,36,Salaried,30787.16,0.0,769,64.7,0,0,3,87,16,0.343,0.0,0.4683,1
APL300454,47,Salaried,44753.65,0.0,773,82.2,0,1,5,120,35,0.544,0.0,0.4494,1
APL300455,30,Salaried,18115.19,923.92,705,71.0,0,3,2,67,9,0.136,5.1,0.65,1
APL300456,33,Salaried,15692.48,5372.43,684,66.7,0,1,1,59,17,0.224,34.2,0.65,0
APL300457,39,Self-Employed,36553.9,0.0,846,46.6,0,0,3,58,33,0.761,0.0,0.2701,1
APL300458,39,Salaried,30805.95,2007.68,674,74.4,0,1,7,75,30,0.364,6.5,0.65,1
APL300459,28,Salaried,26139.27,535.54,858,83.4,0,1,7,100,22,0.592,2.0,0.3503,0
APL300460,38,Student/Intern,53662.56,8786.85,720,98.7,0,2,5,54,7,0.312,16.4,0.65,0
APL300461,33,Salaried,47614.75,8742.01,741,47.5,0,0,6,48,33,0.334,18.4,0.4944,0
APL300462,40,Salaried,12028.64,9223.62,798,52.0,0,1,6,81,19,0.66,76.7,0.4401,0
APL300463,27,Self-Employed,18326.31,0.0,749,68.3,0,1,8,40,0,0.252,0.0,0.5771,1
APL300464,34,Salaried,42986.22,0.0,693,80.9,0,3,4,46,23,0.237,0.0,0.65,0
APL300465,31,Self-Employed,35526.99,4031.96,647,85.7,0,4,3,50,29,0.214,11.3,0.65,0
APL300466,35,Self-Employed,17256.73,0.0,763,85.5,0,1,4,99,12,0.401,0.0,0.5527,0
APL300467,44,Self-Employed,63787.81,13088.56,792,62.7,0,2,10,69,32,0.378,20.5,0.4667,0
APL300468,42,Student/Intern,28877.01,6967.43,746,90.2,0,0,9,96,5,0.332,24.1,0.6026,0
APL300469,32,Self-Employed,22271.07,7359.08,777,62.0,0,1,10,66,13,0.405,33.0,0.5106,0
APL300470,31,Salaried,26184.46,9120.28,651,109.9,0,4,2,29,4,0.249,34.8,0.65,0
APL300471,31,Salaried,47469.15,5709.88,731,96.2,0,2,7,82,0,0.464,12.0,0.6472,0
APL300472,29,Salaried,42080.04,0.0,785,73.5,0,2,3,139,0,0.375,0.0,0.4668,0
APL300473,22,Salaried,47605.97,4845.78,808,74.4,0,0,8,80,0,0.331,10.2,0.4343,1
APL300474,21,Self-Employed,18456.55,2377.42,739,107.9,0,0,7,71,0,0.428,12.9,0.65,1
APL300475,28,Salaried,30111.37,0.0,693,44.0,0,2,8,65,6,0.102,0.0,0.6101,0
APL300476,33,Self-Employed,35962.23,9097.36,753,79.9,0,1,5,63,6,0.241,25.3,0.6063,0
APL300477,40,Salaried,17546.6,0.0,864,63.3,0,0,10,88,8,0.52,0.0,0.3077,0
APL300478,34,Student/Intern,29668.33,5480.76,695,82.5,0,4,5,86,7,0.059,18.5,0.65,0
APL300479,38,Self-Employed,13321.42,6646.02,814,94.1,0,2,3,104,22,0.388,49.9,0.5367,1
APL300480,37,Self-Employed,51405.9,8235.18,630,74.5,0,2,2,72,38,0.026,16.0,0.65,1
APL300481,36,Self-Employed,16468.87,0.0,706,71.1,0,1,4,68,33,0.256,0.0,0.6255,1
APL300482,36,Student/Intern,33546.41,9882.41,834,58.8,0,1,6,59,4,0.58,29.5,0.3999,0
APL300483,29,Salaried,33516.74,0.0,773,73.4,0,0,2,41,29,0.392,0.0,0.4942,0
APL300484,27,Salaried,19710.59,0.0,750,52.8,0,0,4,89,0,0.292,0.0,0.4955,1
APL300485,36,Salaried,34239.72,9134.2,760,105.4,0,1,5,75,1,0.387,26.7,0.6444,1
APL300486,31,Self-Employed,35526.99,4031.96,647,85.7,0,4,3,50,29,0.214,11.3,0.65,0
APL300487,29,Salaried,85418.84,0.0,740,46.3,0,1,3,49,24,0.238,0.0,0.4434,0
APL300488,34,Salaried,18570.18,0.0,709,73.6,0,1,4,33,29,0.161,0.0,0.6495,0
APL300489,31,Salaried,14547.59,3365.19,701,63.1,0,0,5,53,6,0.31,23.1,0.634,0
APL300490,33,Self-Employed,14815.39,3219.0,697,81.3,0,1,5,3,21,0.297,21.7,0.65,1
APL300491,40,Salaried,87097.39,21272.53,681,76.4,0,1,4,71,34,0.154,24.4,0.65,0
APL300492,21,Salaried,14464.06,5139.53,754,66.6,0,1,6,61,5,0.187,35.5,0.585,1
APL300493,43,Salaried,28690.87,3490.3,848,77.6,0,2,7,116,46,0.355,12.2,0.3724,0
APL300494,25,Salaried,16318.56,0.0,605,115.8,0,1,7,42,11,0.053,0.0,0.65,0
APL300495,21,Salaried,57793.85,8833.23,736,94.1,0,0,4,54,4,0.237,15.3,0.635,0
APL300496,31,Salaried,27049.61,2870.03,687,102.9,0,1,2,39,6,0.24,10.6,0.65,1
APL300497,22,Salaried,25423.34,5142.3,483,99.3,0,2,4,29,0,0.0,20.2,0.65,0
APL300498,27,Self-Employed,32058.58,0.0,721,91.3,0,3,3,65,9,0.187,0.0,0.65,1
APL300499,27,Self-Employed,25296.97,2843.37,704,98.8,0,1,3,83,0,0.034,11.2,0.65,0
APL300500,34,Salaried,85345.31,9109.28,637,100.6,0,0,2,71,12,0.014,10.7,0.65,1
APL300501,39,Salaried,21957.03,6577.68,802,85.1,0,2,6,88,14,0.511,30.0,0.5189,0
APL300502,29,Self-Employed,29870.16,0.0,796,73.0,0,3,0,71,8,0.537,0.0,0.5099,0
APL300503,34,Self-Employed,34099.84,11264.17,832,79.9,0,2,6,88,4,0.495,33.0,0.4704,1
APL300504,27,Salaried,38851.42,0.0,673,107.2,0,2,4,39,13,0.003,0.0,0.65,1
APL300505,39,Salaried,44365.33,12178.83,790,75.2,0,1,5,64,39,0.569,27.5,0.4865,1
APL300506,29,Self-Employed,15752.47,0.0,774,78.8,0,0,6,56,20,0.43,0.0,0.5096,1
APL300507,31,Salaried,35949.75,0.0,828,32.6,0,1,5,77,0,0.579,0.0,0.2975,0
APL300508,36,Self-Employed,82142.83,0.0,605,77.8,1,0,5,79,19,0.055,0.0,0.65,1
APL300509,45,Salaried,12000.0,6399.8,703,92.3,0,2,3,27,41,0.241,53.3,0.65,1
APL300510,40,Salaried,12028.64,9223.62,798,52.0,0,1,6,81,19,0.66,76.7,0.4401,0
APL300511,39,Self-Employed,24176.3,4810.86,623,87.6,0,1,7,63,37,0.177,19.9,0.65,0
APL300512,40,Salaried,12028.64,9223.62,798,52.0,0,1,6,81,19,0.66,76.7,0.4401,0
APL300513,40,Gig/Freelance,16347.44,2082.0,737,81.4,0,2,8,47,9,0.292,12.7,0.6444,1
APL300514,34,Self-Employed,30516.33,0.0,612,67.2,0,3,2,67,7,0.0,0.0,0.65,1
APL300515,37,Salaried,17672.98,6646.56,685,65.2,0,2,5,37,24,0.301,37.6,0.65,1
APL300516,37,Salaried,49442.36,0.0,742,79.3,0,2,5,104,19,0.417,0.0,0.5374,0
APL300517,27,Salaried,20139.1,11196.85,672,96.7,0,2,4,36,9,0.101,55.6,0.65,0
APL300518,23,Salaried,18097.0,2586.65,727,88.1,0,1,5,59,0,0.158,14.3,0.65,1
APL300519,40,Salaried,34381.94,0.0,742,79.5,0,4,5,97,30,0.56,0.0,0.5757,1
APL300520,29,Self-Employed,19162.39,0.0,620,60.0,0,1,4,29,25,0.246,0.0,0.65,1
APL300521,28,Self-Employed,12444.28,0.0,684,89.6,0,3,4,77,7,0.287,0.0,0.65,0
APL300522,24,Salaried,25909.69,3562.85,769,83.3,0,0,8,76,3,0.11,13.8,0.5611,1
APL300523,35,Salaried,53576.19,13845.21,753,102.0,0,1,2,44,16,0.264,25.8,0.65,0
APL300524,33,Salaried,38984.4,0.0,761,78.2,0,0,1,84,28,0.437,0.0,0.5012,0
APL300525,28,Self-Employed,35379.8,7165.52,860,82.7,0,1,7,70,0,0.625,20.3,0.3927,0
APL300526,42,Student/Intern,25681.31,0.0,799,97.6,0,1,6,79,9,0.524,0.0,0.5076,0
APL300527,23,Salaried,14617.16,0.0,662,52.1,0,2,3,34,5,0.0,0.0,0.65,0
APL300528,25,Gig/Freelance,17259.81,4546.78,864,96.9,0,1,3,59,16,0.545,26.3,0.4388,0
APL300529,34,Salaried,85345.31,9109.28,637,100.6,0,0,2,71,12,0.014,10.7,0.65,1
APL300530,33,Self-Employed,22748.96,0.0,710,72.0,0,1,7,77,23,0.092,0.0,0.6233,1
APL300531,37,Self-Employed,44005.49,5528.05,654,74.5,0,2,3,1,17,0.264,12.6,0.65,1
APL300532,32,Self-Employed,12000.0,7805.14,661,79.7,0,2,8,6,0,0.228,65.0,0.65,0
APL300533,42,Salaried,18271.16,4249.55,764,95.2,0,0,1,82,35,0.456,23.3,0.5793,0
APL300534,35,Salaried,29696.4,5001.74,690,74.2,0,0,5,78,6,0.424,16.8,0.648,0
APL300535,40,Gig/Freelance,63119.04,0.0,722,97.0,0,1,4,97,20,0.141,0.0,0.6088,1
APL300536,35,Student/Intern,12000.0,0.0,842,94.5,0,1,5,154,12,0.511,0.0,0.4041,1
APL300537,37,Salaried,14880.7,0.0,689,73.0,0,2,8,104,34,0.212,0.0,0.65,0
APL300538,25,Salaried,22666.33,0.0,774,56.3,0,0,3,26,6,0.447,0.0,0.4789,0
APL300539,21,Salaried,50246.9,0.0,709,53.8,0,1,4,66,1,0.236,0.0,0.5636,1
APL300540,37,Salaried,39074.4,8311.45,789,83.5,0,3,3,72,16,0.277,21.3,0.5758,0
APL300541,22,Salaried,12658.51,0.0,765,79.9,0,0,6,45,15,0.447,0.0,0.5398,1
APL300542,23,Salaried,24587.27,2587.66,714,100.7,0,1,4,87,0,0.172,10.5,0.65,1
APL300543,25,Salaried,19696.52,0.0,703,103.7,0,0,4,80,12,0.182,0.0,0.65,1
APL300544,36,Salaried,41431.26,8714.9,624,97.9,0,0,2,65,40,0.142,21.0,0.65,1
APL300545,31,Salaried,32502.66,0.0,827,64.2,0,2,3,99,0,0.539,0.0,0.3915,0
APL300546,30,Salaried,46043.02,13518.11,641,74.8,0,2,9,94,12,0.153,29.4,0.65,0
APL300547,36,Salaried,34396.34,6693.93,572,109.4,0,2,2,42,24,0.0,19.5,0.65,1
APL300548,24,Gig/Freelance,26782.43,0.0,619,49.6,0,3,6,21,0,0.101,0.0,0.65,1
APL300549,25,Self-Employed,51942.85,0.0,679,90.6,0,3,3,47,0,0.346,0.0,0.65,1
APL300550,23,Self-Employed,35871.54,2168.88,772,75.6,0,3,3,59,0,0.454,6.0,0.5646,0
APL300551,50,Salaried,24592.32,4250.64,737,78.3,0,1,5,83,41,0.471,17.3,0.568,0
APL300552,32,Salaried,16128.19,2702.67,711,89.6,0,1,3,40,16,0.36,16.8,0.65,0
APL300553,36,Salaried,36855.52,10446.8,766,52.9,0,1,1,104,24,0.392,28.3,0.498,1
APL300554,40,Salaried,25335.42,2140.11,900,64.6,0,1,6,75,49,0.677,8.4,0.246,0
APL300555,36,Salaried,41431.26,8714.9,624,97.9,0,0,2,65,40,0.142,21.0,0.65,1
APL300556,38,Self-Employed,29973.6,0.0,782,52.4,0,2,2,70,36,0.431,0.0,0.443,1
APL300557,39,Salaried,30805.95,2007.68,674,74.4,0,1,7,75,30,0.364,6.5,0.65,1
APL300558,42,Salaried,56144.26,4455.49,691,83.3,0,2,5,47,24,0.479,7.9,0.65,0
APL300559,22,Salaried,45697.3,0.0,623,76.3,0,8,9,20,18,0.229,0.0,0.65,1
APL300560,32,Gig/Freelance,29947.89,0.0,646,82.4,0,2,4,36,21,0.13,0.0,0.65,0
APL300561,26,Salaried,26462.43,3100.38,673,73.1,0,0,4,32,3,0.348,11.7,0.65,1
APL300562,26,Salaried,14737.26,0.0,654,87.3,0,1,5,27,4,0.046,0.0,0.65,0
APL300563,28,Salaried,43566.76,11363.76,789,95.6,0,0,7,40,27,0.573,26.1,0.5393,0
APL300564,39,Self-Employed,24176.3,4810.86,623,87.6,0,1,7,63,37,0.177,19.9,0.65,0
APL300565,37,Gig/Freelance,17404.28,0.0,689,75.5,0,0,4,92,19,0.357,0.0,0.6376,1
APL300566,27,Salaried,15412.14,0.0,729,80.7,0,3,2,60,13,0.398,0.0,0.65,1
APL300567,36,Salaried,50989.52,0.0,678,76.8,0,1,7,25,25,0.09,0.0,0.65,0
APL300568,32,Salaried,50351.86,8896.11,725,100.0,0,1,3,56,28,0.322,17.7,0.65,1
APL300569,35,Salaried,36167.36,11651.74,626,88.8,0,3,5,22,4,0.104,32.2,0.65,0
APL300570,45,Salaried,12000.0,6399.8,703,92.3,0,2,3,27,41,0.241,53.3,0.65,1
APL300571,25,Salaried,58134.36,15941.07,686,112.2,0,1,6,33,7,0.323,27.4,0.65,1
APL300572,30,Salaried,39362.19,0.0,722,70.6,0,1,5,45,14,0.331,0.0,0.5846,1
APL300573,39,Salaried,76902.76,0.0,646,69.3,0,1,8,39,14,0.181,0.0,0.65,1
APL300574,29,Student/Intern,19851.53,510.44,724,82.9,0,1,4,76,2,0.16,2.6,0.6466,0
APL300575,25,Self-Employed,51942.85,0.0,679,90.6,0,3,3,47,0,0.346,0.0,0.65,1
APL300576,43,Self-Employed,105699.14,24417.13,711,98.9,0,1,6,76,12,0.274,23.1,0.65,0
APL300577,43,Self-Employed,35750.3,6015.97,748,82.4,0,3,7,113,13,0.574,16.8,0.5867,1
APL300578,30,Gig/Freelance,15192.07,0.0,668,77.2,0,1,6,85,10,0.221,0.0,0.65,1
APL300579,25,Self-Employed,16910.67,0.0,745,93.9,0,1,8,52,18,0.353,0.0,0.6209,1
APL300580,26,Self-Employed,120488.54,24602.76,666,109.7,0,0,6,55,10,0.405,20.4,0.65,1
APL300581,30,Self-Employed,12000.0,4014.27,782,76.6,0,1,6,99,21,0.579,33.5,0.4989,1
APL300582,27,Salaried,56564.69,0.0,698,78.8,0,3,8,64,12,0.188,0.0,0.65,1
APL300583,43,Self-Employed,52135.27,12092.97,716,94.6,0,2,6,82,39,0.449,23.2,0.65,0
APL300584,31,Self-Employed,35526.99,4031.96,647,85.7,0,4,3,50,29,0.214,11.3,0.65,0
APL300585,39,Self-Employed,152522.78,0.0,811,62.3,1,1,4,84,28,0.636,0.0,0.3843,0
APL300586,35,Salaried,17309.47,0.0,602,68.8,0,1,7,69,26,0.008,0.0,0.65,1
APL300587,25,Salaried,34412.97,944.21,585,76.2,0,4,7,15,1,0.061,2.7,0.65,1
APL300588,30,Salaried,15326.75,0.0,716,83.7,0,0,3,60,8,0.082,0.0,0.65,0
APL300589,38,Student/Intern,34911.68,0.0,787,94.9,0,2,6,80,9,0.73,0.0,0.5119,0
APL300590,21,Salaried,14464.06,5139.53,754,66.6,0,1,6,61,5,0.187,35.5,0.585,1
APL300591,46,Self-Employed,19195.66,718.05,661,92.5,0,0,7,68,25,0.32,3.7,0.65,0
APL300592,46,Salaried,16301.2,4264.06,600,123.9,0,3,7,61,23,0.108,26.2,0.65,1
APL300593,27,Self-Employed,18326.31,0.0,749,68.3,0,1,8,40,0,0.252,0.0,0.5771,1
APL300594,27,Salaried,19313.08,0.0,604,88.1,0,0,2,2,22,0.037,0.0,0.65,1
APL300595,26,Salaried,14737.26,0.0,654,87.3,0,1,5,27,4,0.046,0.0,0.65,0
APL300596,30,Self-Employed,31317.53,3744.29,618,103.2,0,3,5,61,22,0.237,12.0,0.65,1
APL300597,32,Salaried,16535.0,0.0,749,93.8,0,3,7,54,13,0.412,0.0,0.6456,1
APL300598,35,Student/Intern,21967.15,0.0,762,77.0,0,2,5,80,22,0.42,0.0,0.5405,0
APL300599,41,Self-Employed,48158.89,0.0,725,72.2,0,2,5,114,28,0.348,0.0,0.5443,0
APL300600,28,Salaried,32134.87,8563.36,766,54.7,0,3,3,92,15,0.533,26.6,0.5261,0
APL300601,40,Salaried,16946.44,7180.56,573,100.2,0,3,4,84,37,0.0,42.4,0.65,0
APL300602,33,Salaried,28106.57,721.66,848,86.0,0,0,7,66,12,0.585,2.6,0.3781,0
APL300603,31,Salaried,59259.58,0.0,589,73.5,0,3,4,48,0,0.002,0.0,0.65,1
APL300604,29,Salaried,12000.0,0.0,623,50.0,0,4,4,1,0,0.277,0.0,0.65,1
APL300605,41,Salaried,32048.01,0.0,725,88.3,0,1,2,105,23,0.394,0.0,0.6055,1
APL300606,21,Salaried,65714.28,11303.77,677,76.8,0,1,4,59,4,0.168,17.2,0.65,1
APL300607,33,Salaried,53042.89,9724.3,553,71.6,0,3,2,25,37,0.0,18.3,0.65,1
APL300608,25,Gig/Freelance,23606.32,4051.37,675,83.4,0,2,10,70,3,0.245,17.2,0.65,0
APL300609,34,Salaried,19669.13,2926.47,684,48.7,0,1,4,77,18,0.238,14.9,0.6266,1
APL300610,33,Salaried,57692.68,10594.06,605,99.8,0,1,8,32,14,0.0,18.4,0.65,1
APL300611,21,Salaried,33793.35,14908.9,765,60.6,0,2,6,108,8,0.233,44.1,0.5642,0
APL300612,21,Salaried,57793.85,8833.23,736,94.1,0,0,4,54,4,0.237,15.3,0.635,0
APL300613,37,Salaried,29316.48,0.0,648,97.1,1,0,2,87,38,0.226,0.0,0.65,1
APL300614,39,Student/Intern,37929.0,706.28,597,54.1,0,2,3,68,19,0.113,1.9,0.65,1
APL300615,28,Salaried,28705.78,0.0,671,90.4,0,3,6,47,4,0.169,0.0,0.65,1
APL300616,34,Self-Employed,15789.13,0.0,756,70.8,0,1,4,96,27,0.376,0.0,0.5223,1
APL300617,39,Salaried,12000.0,1164.51,594,80.9,0,1,3,51,41,0.137,9.7,0.65,1
APL300618,44,Self-Employed,12085.33,0.0,611,84.2,0,2,8,18,31,0.138,0.0,0.65,0
APL300619,35,Salaried,36167.36,11651.74,626,88.8,0,3,5,22,4,0.104,32.2,0.65,0
APL300620,37,Salaried,17672.98,6646.56,685,65.2,0,2,5,37,24,0.301,37.6,0.65,1
APL300621,31,Salaried,59259.58,0.0,589,73.5,0,3,4,48,0,0.002,0.0,0.65,1
APL300622,40,Salaried,52087.12,0.0,770,53.9,0,1,3,69,34,0.544,0.0,0.4118,0
APL300623,29,Gig/Freelance,33044.07,8763.9,719,96.0,0,0,6,65,10,0.118,26.5,0.65,0
APL300624,43,Salaried,27660.37,0.0,697,75.2,0,1,10,94,35,0.592,0.0,0.5944,1
APL300625,22,Salaried,44329.14,5226.08,664,111.2,0,1,6,42,7,0.283,11.8,0.65,1
APL300626,24,Salaried,37361.86,14007.95,745,103.2,0,4,6,84,0,0.289,37.5,0.65,1
APL300627,25,Salaried,40049.45,10202.25,594,121.1,0,2,3,51,0,0.012,25.5,0.65,1
APL300628,23,Self-Employed,17861.85,6687.89,691,85.3,0,4,7,29,1,0.036,37.4,0.65,0
APL300629,28,Self-Employed,29564.2,7787.47,791,81.3,0,0,2,81,6,0.488,26.3,0.5164,1
APL300630,40,Salaried,14134.52,3146.7,800,79.0,0,2,5,70,23,0.354,22.3,0.5138,0
APL300631,38,Student/Intern,42616.9,0.0,731,46.9,0,1,3,67,20,0.349,0.0,0.4996,1
APL300632,34,Salaried,20016.6,0.0,719,58.6,0,1,5,65,50,0.285,0.0,0.5512,0
APL300633,42,Salaried,44270.52,7510.98,793,78.3,0,0,2,75,33,0.422,17.0,0.4733,1
APL300634,29,Salaried,12000.0,2586.88,695,68.9,0,2,6,35,34,0.177,21.6,0.65,0
APL300635,34,Student/Intern,32960.98,3244.89,827,39.9,0,3,7,94,4,0.576,9.8,0.3533,0
APL300636,21,Salaried,33723.43,0.0,627,77.8,0,1,4,35,0,0.168,0.0,0.65,1
APL300637,41,Salaried,62859.81,11363.7,751,93.4,0,0,4,84,32,0.391,18.1,0.5687,1
APL300638,32,Salaried,25170.24,6890.53,773,69.5,0,1,4,79,0,0.445,27.4,0.5356,0
APL300639,21,Salaried,65714.28,11303.77,677,76.8,0,1,4,59,4,0.168,17.2,0.65,1
APL300640,40,Salaried,34051.71,0.0,642,92.7,0,3,2,76,12,0.157,0.0,0.65,1
APL300641,28,Salaried,52256.29,12960.11,764,73.4,0,3,5,26,0,0.187,24.8,0.6304,0
APL300642,41,Self-Employed,59355.77,6966.55,669,94.9,0,1,7,68,20,0.136,11.7,0.65,0
APL300643,36,Salaried,34239.72,9134.2,760,105.4,0,1,5,75,1,0.387,26.7,0.6444,1
APL300644,31,Self-Employed,32532.16,0.0,679,121.9,0,3,6,19,17,0.101,0.0,0.65,1
APL300645,29,Salaried,34887.63,7626.21,844,71.9,0,1,8,68,14,0.738,21.9,0.3793,1
APL300646,27,Salaried,27084.43,0.0,583,108.9,0,1,9,84,10,0.055,0.0,0.65,0
APL300647,36,Salaried,12148.98,0.0,840,58.5,0,1,1,109,27,0.531,0.0,0.3507,0
APL300648,22,Salaried,24286.08,0.0,679,54.3,0,5,7,16,16,0.203,0.0,0.65,1
APL300649,36,Salaried,30582.31,11264.61,734,94.0,0,0,5,68,43,0.346,36.8,0.635,1
APL300650,31,Student/Intern,21788.71,0.0,813,98.0,0,0,6,78,13,0.416,0.0,0.4771,1
APL300651,21,Self-Employed,19295.93,0.0,714,58.0,0,1,2,27,15,0.126,0.0,0.6287,1
APL300652,32,Salaried,39461.39,6254.71,717,104.8,0,1,5,67,17,0.294,15.9,0.65,1
APL300653,22,Salaried,48754.23,13383.78,662,86.7,0,0,7,30,8,0.16,27.5,0.65,1
APL300654,39,Salaried,35590.32,12447.31,679,80.5,0,4,5,35,37,0.398,35.0,0.65,1
APL300655,33,Salaried,44389.96,14001.43,691,97.9,0,1,4,1,43,0.389,31.5,0.65,0
APL300656,37,Salaried,34513.26,0.0,709,73.4,0,1,8,47,28,0.252,0.0,0.6137,1
APL300657,38,Student/Intern,42616.9,0.0,731,46.9,0,1,3,67,20,0.349,0.0,0.4996,1
APL300658,32,Salaried,25687.06,5572.22,756,74.6,0,1,5,87,20,0.242,21.7,0.5618,0
APL300659,33,Salaried,31303.93,8361.32,719,56.6,0,1,1,79,0,0.282,26.7,0.6222,0
APL300660,42,Student/Intern,17813.56,0.0,711,76.5,0,0,4,90,13,0.478,0.0,0.5998,0
APL300661,25,Self-Employed,96996.22,20516.34,653,100.8,0,5,4,17,11,0.061,21.2,0.65,0
APL300662,43,Self-Employed,16368.98,6275.08,708,72.5,0,2,4,79,14,0.495,38.3,0.65,1
APL300663,23,Self-Employed,35871.54,2168.88,772,75.6,0,3,3,59,0,0.454,6.0,0.5646,0
APL300664,41,Salaried,12936.88,443.16,662,79.9,0,0,9,30,36,0.086,3.4,0.65,1
APL300665,28,Student/Intern,51606.07,8888.28,773,44.5,0,2,4,67,0,0.361,17.2,0.4799,1
APL300666,38,Self-Employed,24759.79,3141.75,642,93.1,0,2,5,63,25,0.237,12.7,0.65,0
APL300667,24,Gig/Freelance,26782.43,0.0,619,49.6,0,3,6,21,0,0.101,0.0,0.65,1
APL300668,36,Gig/Freelance,51184.29,0.0,652,87.3,0,3,3,96,20,0.204,0.0,0.65,0
APL300669,24,Self-Employed,29349.14,3267.84,726,73.0,0,0,7,31,4,0.282,11.1,0.6121,0
APL300670,26,Self-Employed,18820.18,0.0,702,76.8,0,3,5,91,13,0.31,0.0,0.65,0
APL300671,40,Salaried,26735.25,6017.15,806,62.6,0,0,2,96,30,0.711,22.5,0.3973,1
APL300672,29,Salaried,33516.74,0.0,773,73.4,0,0,2,41,29,0.392,0.0,0.4942,0
APL300673,32,Salaried,12000.0,0.0,693,88.6,0,1,4,72,3,0.013,0.0,0.65,0
APL300674,36,Salaried,24833.35,8792.46,786,105.7,0,2,8,83,29,0.507,35.4,0.5962,0
APL300675,29,Salaried,44402.1,1742.29,663,80.5,0,1,3,45,14,0.11,3.9,0.65,0
APL300676,37,Student/Intern,47470.81,0.0,683,125.2,0,2,4,58,20,0.412,0.0,0.65,1
APL300677,34,Student/Intern,21434.34,0.0,684,64.5,0,1,4,75,24,0.295,0.0,0.6405,0
APL300678,23,Self-Employed,81514.1,0.0,799,66.1,0,0,2,90,0,0.244,0.0,0.3811,0
APL300679,25,Salaried,58860.61,11083.41,764,94.3,0,3,9,35,6,0.113,18.8,0.65,1
APL300680,35,Salaried,56759.87,0.0,604,124.4,0,4,5,35,12,0.0,0.0,0.65,1
APL300681,44,Self-Employed,29586.61,9337.25,786,80.2,0,0,7,79,32,0.434,31.6,0.5007,1
APL300682,38,Gig/Freelance,19522.01,0.0,796,63.2,0,0,6,61,7,0.32,0.0,0.4431,0
APL300683,36,Gig/Freelance,58092.4,10160.31,614,88.9,0,0,5,44,4,0.259,17.5,0.65,1
APL300684,26,Gig/Freelance,45321.24,11124.44,683,84.5,0,1,2,20,1,0.323,24.5,0.65,1
APL300685,33,Salaried,51499.82,7847.14,777,58.6,0,2,3,92,12,0.378,15.2,0.4853,1
APL300686,21,Self-Employed,21470.82,0.0,850,92.3,1,0,2,80,0,0.41,0.0,0.5843,1
APL300687,33,Salaried,53042.89,9724.3,553,71.6,0,3,2,25,37,0.0,18.3,0.65,1
APL300688,21,Gig/Freelance,12000.0,0.0,607,86.2,0,4,2,67,24,0.0,0.0,0.65,1
APL300689,35,Salaried,56759.87,0.0,604,124.4,0,4,5,35,12,0.0,0.0,0.65,1
APL300690,35,Self-Employed,34080.37,7175.65,813,53.6,0,0,4,84,2,0.63,21.1,0.383,0
APL300691,36,Salaried,41708.65,16010.89,590,120.2,0,4,6,40,39,0.0,38.4,0.65,0
APL300692,28,Self-Employed,16055.47,0.0,795,48.6,0,1,7,68,10,0.337,0.0,0.4235,0
APL300693,22,Salaried,43110.57,8062.33,696,110.3,0,4,2,40,13,0.302,18.7,0.65,1
APL300694,28,Salaried,28705.78,0.0,671,90.4,0,3,6,47,4,0.169,0.0,0.65,1
APL300695,33,Salaried,30901.7,2664.33,683,120.9,0,2,3,79,30,0.356,8.6,0.65,1
APL300696,30,Self-Employed,23944.89,7164.52,650,104.1,0,3,7,31,0,0.011,29.9,0.65,0
APL300697,35,Salaried,22618.62,7135.12,667,94.9,0,1,7,75,17,0.326,31.5,0.65,1
APL300698,40,Self-Employed,16368.7,0.0,745,98.5,0,2,5,44,20,0.433,0.0,0.6453,0
APL300699,34,Student/Intern,21434.34,0.0,684,64.5,0,1,4,75,24,0.295,0.0,0.6405,0
APL300700,21,Salaried,30693.38,6109.56,669,84.8,0,4,7,72,0,0.156,19.9,0.65,1
APL300701,30,Salaried,34657.89,8693.17,650,105.3,0,1,6,55,4,0.155,25.1,0.65,1
APL300702,38,Student/Intern,53662.56,8786.85,720,98.7,0,2,5,54,7,0.312,16.4,0.65,0
APL300703,37,Gig/Freelance,17404.28,0.0,689,75.5,0,0,4,92,19,0.357,0.0,0.6376,1
APL300704,35,Salaried,53576.19,13845.21,753,102.0,0,1,2,44,16,0.264,25.8,0.65,0
APL300705,34,Salaried,12049.88,5073.2,591,77.8,0,2,2,54,20,0.142,42.1,0.65,1
APL300706,26,Self-Employed,21519.73,4169.23,746,76.3,0,2,4,52,0,0.249,19.4,0.6332,0
APL300707,42,Self-Employed,17756.65,0.0,788,87.0,0,0,6,91,29,0.387,0.0,0.482,0
APL300708,28,Salaried,52256.29,12960.11,764,73.4,0,3,5,26,0,0.187,24.8,0.6304,0
APL300709,38,Student/Intern,34911.68,0.0,787,94.9,0,2,6,80,9,0.73,0.0,0.5119,0
APL300710,35,Salaried,34393.0,2572.08,643,83.2,0,6,1,59,33,0.28,7.5,0.65,0
APL300711,30,Self-Employed,17709.88,0.0,599,86.1,0,2,8,61,3,0.162,0.0,0.65,1
APL300712,28,Salaried,52256.29,12960.11,764,73.4,0,3,5,26,0,0.187,24.8,0.6304,0
APL300713,31,Salaried,29673.34,7642.22,682,117.0,0,0,3,47,5,0.034,25.8,0.65,0
APL300714,37,Salaried,20909.27,0.0,719,79.1,0,1,5,97,15,0.283,0.0,0.6101,0
APL300715,21,Salaried,94778.12,18632.13,779,82.9,0,0,5,137,1,0.398,19.7,0.4816,0
APL300716,32,Salaried,67153.04,11931.73,713,65.3,0,1,4,45,12,0.252,17.8,0.6228,1
APL300717,38,Salaried,64387.98,15464.67,779,87.9,0,1,7,45,14,0.726,24.0,0.5453,0
APL300718,36,Salaried,14380.03,4231.27,803,79.9,0,0,4,58,6,0.331,29.4,0.5064,0
APL300719,28,Salaried,23176.3,0.0,737,84.4,0,4,4,49,0,0.284,0.0,0.65,1
APL300720,40,Salaried,17842.82,0.0,566,99.6,0,3,0,61,27,0.0,0.0,0.65,0
APL300721,36,Self-Employed,82142.83,0.0,605,77.8,1,0,5,79,19,0.055,0.0,0.65,1
APL300722,22,Self-Employed,89287.92,0.0,754,91.0,0,1,2,89,0,0.456,0.0,0.5122,0
APL300723,34,Salaried,28465.98,0.0,729,76.6,0,5,7,40,3,0.396,0.0,0.65,1
APL300724,33,Salaried,53665.86,0.0,620,92.4,0,3,6,16,23,0.26,0.0,0.65,1
APL300725,25,Salaried,62316.82,0.0,625,101.1,0,2,2,39,2,0.242,0.0,0.65,0
APL300726,28,Self-Employed,12444.28,0.0,684,89.6,0,3,4,77,7,0.287,0.0,0.65,0
APL300727,41,Self-Employed,48158.89,0.0,725,72.2,0,2,5,114,28,0.348,0.0,0.5443,0
APL300728,25,Self-Employed,23200.14,0.0,601,91.1,0,2,5,33,0,0.11,0.0,0.65,0
APL300729,35,Salaried,12000.0,0.0,708,86.1,0,1,6,135,25,0.338,0.0,0.6264,0
APL300730,31,Salaried,14547.59,3365.19,701,63.1,0,0,5,53,6,0.31,23.1,0.634,0
APL300731,23,Salaried,14617.16,0.0,662,52.1,0,2,3,34,5,0.0,0.0,0.65,0
APL300732,32,Gig/Freelance,19596.14,0.0,627,112.3,0,0,5,30,10,0.0,0.0,0.65,0
APL300733,33,Salaried,15692.48,5372.43,684,66.7,0,1,1,59,17,0.224,34.2,0.65,0
APL300734,44,Salaried,31872.16,9268.93,708,105.1,0,2,5,71,34,0.227,29.1,0.65,1
APL300735,22,Salaried,25423.34,5142.3,483,99.3,0,2,4,29,0,0.0,20.2,0.65,0
APL300736,33,Salaried,33070.73,2771.96,734,78.2,0,1,3,52,0,0.344,8.4,0.6189,1
APL300737,27,Salaried,30217.04,7740.17,820,42.0,0,3,8,103,5,0.695,25.6,0.3804,1
APL300738,24,Student/Intern,25591.64,3310.69,731,71.6,0,7,5,54,10,0.437,12.9,0.65,0
APL300739,36,Self-Employed,34269.22,0.0,744,63.3,0,2,7,112,0,0.125,0.0,0.5449,0
APL300740,40,Salaried,17546.6,0.0,864,63.3,0,0,10,88,8,0.52,0.0,0.3077,0
APL300741,28,Self-Employed,36434.63,0.0,689,77.7,0,0,2,74,0,0.262,0.0,0.65,1
APL300742,39,Self-Employed,59617.99,0.0,564,78.6,0,1,2,61,38,0.076,0.0,0.65,0
APL300743,39,Salaried,33273.43,7327.53,729,80.4,0,1,5,68,23,0.117,22.0,0.6362,0
APL300744,36,Salaried,51885.89,11479.86,808,83.7,0,0,5,50,23,0.522,22.1,0.4684,0
APL300745,40,Salaried,52963.2,2648.9,768,81.9,0,1,7,20,30,0.345,5.0,0.5289,0
APL300746,32,Salaried,16128.19,2702.67,711,89.6,0,1,3,40,16,0.36,16.8,0.65,0
APL300747,39,Gig/Freelance,55321.91,9118.08,776,92.3,0,0,3,79,22,0.204,16.5,0.5497,0
APL300748,30,Salaried,25304.07,7966.1,810,112.6,0,0,4,65,8,0.396,31.5,0.5705,1
APL300749,22,Self-Employed,44171.5,0.0,540,82.8,0,7,3,63,0,0.07,0.0,0.65,1
APL300750,21,Salaried,25485.16,0.0,725,70.6,0,1,2,41,0,0.395,0.0,0.618,1
APL300751,37,Salaried,40737.82,15623.85,653,87.2,0,3,7,57,30,0.286,38.4,0.65,1
APL300752,46,Salaried,17129.93,0.0,638,87.8,0,2,7,93,15,0.035,0.0,0.65,1
APL300753,37,Gig/Freelance,45090.01,14421.05,770,87.0,0,1,3,103,25,0.17,32.0,0.5912,0
APL300754,27,Salaried,19710.59,0.0,750,52.8,0,0,4,89,0,0.292,0.0,0.4955,1
APL300755,36,Self-Employed,34269.22,0.0,744,63.3,0,2,7,112,0,0.125,0.0,0.5449,0
APL300756,31,Self-Employed,28121.69,4576.53,723,85.0,1,1,4,33,26,0.376,16.3,0.65,1
APL300757,28,Student/Intern,51606.07,8888.28,773,44.5,0,2,4,67,0,0.361,17.2,0.4799,1
APL300758,39,Self-Employed,59617.99,0.0,564,78.6,0,1,2,61,38,0.076,0.0,0.65,0
APL300759,29,Gig/Freelance,18201.75,3663.31,668,90.6,0,2,2,78,0,0.086,20.1,0.65,1
APL300760,21,Salaried,12021.49,3875.07,689,78.1,0,1,2,83,6,0.123,32.2,0.65,1
APL300761,32,Salaried,16045.32,489.82,688,96.1,1,1,7,80,23,0.245,3.1,0.65,0
APL300762,32,Gig/Freelance,16161.85,6894.14,803,74.0,0,1,5,61,0,0.443,42.7,0.5098,0
APL300763,22,Salaried,21161.92,0.0,654,51.9,0,0,5,17,0,0.22,0.0,0.65,1
APL300764,29,Salaried,42752.04,7356.68,701,77.6,0,5,7,51,18,0.241,17.2,0.65,1
APL300765,35,Salaried,50298.76,0.0,661,71.1,0,3,0,85,13,0.18,0.0,0.65,1
APL300766,27,Salaried,19313.08,0.0,604,88.1,0,0,2,2,22,0.037,0.0,0.65,1
APL300767,24,Salaried,22251.86,0.0,682,66.8,0,0,2,44,15,0.093,0.0,0.65,1
APL300768,34,Salaried,57250.44,10845.08,612,67.8,0,1,4,57,15,0.195,18.9,0.65,0
APL300769,28,Salaried,28919.31,11250.68,723,64.1,0,3,5,52,17,0.343,38.9,0.65,1
APL300770,40,Salaried,12028.64,9223.62,798,52.0,0,1,6,81,19,0.66,76.7,0.4401,0
APL300771,33,Salaried,51499.82,7847.14,777,58.6,0,2,3,92,12,0.378,15.2,0.4853,1
APL300772,29,Salaried,75809.29,8912.77,650,97.4,0,2,4,29,19,0.238,11.8,0.65,1
APL300773,31,Salaried,20213.68,4880.34,605,72.1,0,2,8,24,10,0.119,24.1,0.65,1
APL300774,30,Salaried,21009.06,11142.09,738,77.8,0,2,5,80,8,0.44,53.0,0.6461,0
APL300775,28,Salaried,22222.65,0.0,787,69.0,0,0,11,98,9,0.539,0.0,0.4337,0
APL300776,41,Self-Employed,20540.91,2576.45,689,89.6,0,0,4,22,19,0.152,12.5,0.65,1
APL300777,30,Salaried,34657.89,8693.17,650,105.3,0,1,6,55,4,0.155,25.1,0.65,1
APL300778,32,Self-Employed,12000.0,7805.14,661,79.7,0,2,8,6,0,0.228,65.0,0.65,0
APL300779,24,Self-Employed,32621.09,10270.91,709,99.1,0,3,3,49,12,0.192,31.5,0.65,0
APL300780,40,Salaried,52087.12,0.0,770,53.9,0,1,3,69,34,0.544,0.0,0.4118,0
APL300781,33,Salaried,31303.93,8361.32,719,56.6,0,1,1,79,0,0.282,26.7,0.6222,0
APL300782,36,Gig/Freelance,51184.29,0.0,652,87.3,0,3,3,96,20,0.204,0.0,0.65,0
APL300783,43,Self-Employed,105699.14,24417.13,711,98.9,0,1,6,76,12,0.274,23.1,0.65,0
APL300784,27,Salaried,27084.43,0.0,583,108.9,0,1,9,84,10,0.055,0.0,0.65,0
APL300785,25,Salaried,44628.75,9722.67,754,66.8,0,0,3,90,0,0.128,21.8,0.5575,1
APL300786,40,Salaried,87097.39,21272.53,681,76.4,0,1,4,71,34,0.154,24.4,0.65,0
APL300787,42,Self-Employed,17756.65,0.0,788,87.0,0,0,6,91,29,0.387,0.0,0.482,0
APL300788,29,Self-Employed,29792.71,0.0,691,88.7,0,1,7,52,0,0.077,0.0,0.65,1
APL300789,29,Salaried,22106.04,3767.37,833,102.4,0,1,2,48,8,0.851,17.0,0.4901,0
APL300790,29,Salaried,46704.53,3165.16,736,94.4,0,1,4,98,19,0.497,6.8,0.5885,1
APL300791,38,Gig/Freelance,26195.51,0.0,756,86.0,0,1,2,82,19,0.327,0.0,0.5734,1
APL300792,35,Salaried,36213.02,6744.12,778,84.8,0,3,6,102,4,0.498,18.6,0.5618,0
APL300793,29,Salaried,34887.63,7626.21,844,71.9,0,1,8,68,14,0.738,21.9,0.3793,1
APL300794,21,Self-Employed,31996.75,0.0,854,60.6,0,0,4,119,13,0.334,0.0,0.3013,0
APL300795,31,Self-Employed,122264.23,19735.41,733,112.5,0,1,1,71,0,0.283,16.1,0.65,0
APL300796,33,Student/Intern,32874.14,10403.85,629,80.9,0,2,4,51,10,0.195,31.6,0.65,0
APL300797,39,Salaried,12000.0,1164.51,594,80.9,0,1,3,51,41,0.137,9.7,0.65,1
APL300798,26,Salaried,12000.0,0.0,662,76.2,0,3,4,44,3,0.187,0.0,0.65,1
APL300799,28,Self-Employed,16055.47,0.0,795,48.6,0,1,7,68,10,0.337,0.0,0.4235,0
APL300800,44,Salaried,23492.66,0.0,788,80.4,0,3,2,87,34,0.276,0.0,0.5324,0
APL300801,37,Salaried,34513.26,0.0,709,73.4,0,1,8,47,28,0.252,0.0,0.6137,1
APL300802,42,Salaried,47829.41,9571.66,624,112.1,0,2,5,53,10,0.052,20.0,0.65,0
APL300803,22,Salaried,31262.25,6454.3,651,87.9,0,3,10,18,14,0.0,20.6,0.65,0
APL300804,35,Salaried,14975.76,4263.76,803,103.5,0,0,8,67,7,0.344,28.5,0.5533,1
APL300805,32,Salaried,15723.17,0.0,532,106.4,0,3,5,36,14,0.0,0.0,0.65,0
APL300806,23,Self-Employed,81514.1,0.0,799,66.1,0,0,2,90,0,0.244,0.0,0.3811,0
APL300807,46,Salaried,17129.93,0.0,638,87.8,0,2,7,93,15,0.035,0.0,0.65,1
APL300808,44,Salaried,23492.66,0.0,788,80.4,0,3,2,87,34,0.276,0.0,0.5324,0
APL300809,37,Student/Intern,19861.15,2597.57,781,70.4,0,1,7,63,17,0.381,13.1,0.5041,0
APL300810,40,Self-Employed,34306.59,0.0,688,74.7,0,0,4,93,21,0.249,0.0,0.6233,1
APL300811,32,Self-Employed,12000.0,7805.14,661,79.7,0,2,8,6,0,0.228,65.0,0.65,0
APL300812,48,Salaried,15434.15,0.0,731,71.7,0,4,4,67,66,0.272,0.0,0.6124,1
APL300813,35,Salaried,31724.81,0.0,749,68.2,0,3,7,83,12,0.525,0.0,0.5446,0
APL300814,40,Salaried,23328.95,4263.68,644,97.8,1,2,4,26,46,0.22,18.3,0.65,1
APL300815,21,Salaried,29508.75,0.0,637,93.5,0,1,8,73,7,0.099,0.0,0.65,1
APL300816,22,Salaried,47605.97,4845.78,808,74.4,0,0,8,80,0,0.331,10.2,0.4343,1
APL300817,42,Salaried,44270.52,7510.98,793,78.3,0,0,2,75,33,0.422,17.0,0.4733,1
APL300818,32,Gig/Freelance,29629.34,0.0,692,102.4,0,1,5,30,11,0.204,0.0,0.65,1
APL300819,37,Gig/Freelance,44028.62,13321.02,744,75.8,0,0,6,74,15,0.163,30.3,0.5993,1
APL300820,36,Gig/Freelance,76530.44,17031.19,566,91.1,0,1,5,26,22,0.0,22.3,0.65,1
APL300821,32,Salaried,15157.83,0.0,693,89.1,0,1,6,48,34,0.319,0.0,0.65,0
APL300822,48,Salaried,15434.15,0.0,731,71.7,0,4,4,67,66,0.272,0.0,0.6124,1
APL300823,39,Gig/Freelance,41684.99,0.0,722,56.0,0,2,6,70,28,0.098,0.0,0.5578,0
APL300824,32,Self-Employed,22271.07,7359.08,777,62.0,0,1,10,66,13,0.405,33.0,0.5106,0
APL300825,28,Self-Employed,110982.9,20001.9,695,84.6,0,0,4,53,6,0.366,18.0,0.65,0
APL300826,35,Salaried,17878.37,0.0,758,100.5,0,1,5,76,21,0.4,0.0,0.5969,1
APL300827,38,Salaried,32592.25,4482.24,770,86.2,0,1,7,59,11,0.359,13.8,0.5641,1
APL300828,30,Salaried,28009.65,9478.96,832,35.7,0,1,7,76,16,0.758,33.8,0.3259,0
APL300829,35,Salaried,29230.2,0.0,738,59.8,0,1,4,82,25,0.322,0.0,0.522,0
APL300830,23,Gig/Freelance,58364.5,0.0,691,83.1,0,3,6,30,0,0.131,0.0,0.65,1
APL300831,36,Salaried,21853.27,0.0,789,77.0,0,2,6,79,18,0.446,0.0,0.495,0
APL300832,27,Salaried,20139.1,11196.85,672,96.7,0,2,4,36,9,0.101,55.6,0.65,0
APL300833,27,Salaried,81869.25,14137.57,784,68.9,0,2,6,97,0,0.437,17.3,0.4843,0
APL300834,40,Salaried,15095.44,0.0,634,70.1,0,1,9,44,24,0.21,0.0,0.65,0
APL300835,31,Gig/Freelance,35398.24,0.0,773,64.9,0,1,9,39,0,0.325,0.0,0.5009,0
APL300836,36,Self-Employed,34269.22,0.0,744,63.3,0,2,7,112,0,0.125,0.0,0.5449,0
APL300837,24,Salaried,25909.69,3562.85,769,83.3,0,0,8,76,3,0.11,13.8,0.5611,1
APL300838,28,Salaried,43566.76,11363.76,789,95.6,0,0,7,40,27,0.573,26.1,0.5393,0
APL300839,37,Salaried,22397.08,3389.37,776,71.9,0,4,7,58,28,0.527,15.1,0.553,1
APL300840,28,Salaried,35591.92,0.0,746,76.9,0,1,2,76,33,0.548,0.0,0.5329,0
APL300841,33,Salaried,47614.75,8742.01,741,47.5,0,0,6,48,33,0.334,18.4,0.4944,0
APL300842,44,Student/Intern,26960.37,3438.19,623,84.2,0,2,3,84,0,0.275,12.8,0.65,1
APL300843,36,Salaried,12148.98,0.0,840,58.5,0,1,1,109,27,0.531,0.0,0.3507,0
APL300844,38,Salaried,18311.97,3280.56,649,84.0,0,0,2,67,15,0.0,17.9,0.65,0
APL300845,28,Salaried,35591.92,0.0,746,76.9,0,1,2,76,33,0.548,0.0,0.5329,0
APL300846,28,Student/Intern,64851.1,4136.27,827,74.9,1,1,4,86,11,0.423,6.4,0.5435,0
APL300847,39,Self-Employed,15193.61,733.49,786,71.2,0,3,7,68,29,0.454,4.8,0.5119,1
APL300848,53,Self-Employed,20285.12,9265.38,583,107.7,0,1,4,40,63,0.111,45.7,0.65,1
APL300849,35,Salaried,37146.46,4454.26,762,69.9,0,2,3,46,8,0.193,12.0,0.5799,0
APL300850,30,Salaried,22567.83,888.41,700,58.8,0,2,8,78,29,0.299,3.9,0.6102,1
APL300851,44,Salaried,23492.66,0.0,788,80.4,0,3,2,87,34,0.276,0.0,0.5324,0
APL300852,24,Gig/Freelance,45833.62,4860.54,630,109.8,0,2,4,41,1,0.0,10.6,0.65,0
APL300853,31,Self-Employed,85744.31,17543.98,673,100.2,0,0,4,63,16,0.147,20.5,0.65,0
APL300854,24,Self-Employed,35051.91,5220.16,786,66.6,0,1,5,77,0,0.589,14.9,0.4701,0
APL300855,32,Salaried,20949.97,7213.9,680,63.5,0,2,5,59,18,0.241,34.4,0.65,1
APL300856,33,Salaried,145588.43,20276.75,721,95.7,0,3,7,17,10,0.291,13.9,0.65,1
APL300857,36,Salaried,24833.35,8792.46,786,105.7,0,2,8,83,29,0.507,35.4,0.5962,0
APL300858,27,Salaried,14750.32,0.0,619,115.0,0,0,7,23,3,0.011,0.0,0.65,0
APL300859,35,Gig/Freelance,18842.84,855.68,662,70.7,0,0,3,31,14,0.236,4.5,0.65,1
APL300860,34,Self-Employed,36134.41,0.0,762,87.1,0,0,3,92,18,0.761,0.0,0.4945,0
APL300861,32,Salaried,70662.13,12121.38,772,83.2,0,4,5,77,32,0.646,17.2,0.5502,0
APL300862,34,Salaried,57250.44,10845.08,612,67.8,0,1,4,57,15,0.195,18.9,0.65,0
APL300863,33,Salaried,51499.82,7847.14,777,58.6,0,2,3,92,12,0.378,15.2,0.4853,1
APL300864,37,Salaried,29316.48,0.0,648,97.1,1,0,2,87,38,0.226,0.0,0.65,1
APL300865,25,Student/Intern,21017.76,8750.44,639,57.6,0,0,4,79,8,0.053,41.6,0.65,0
APL300866,31,Gig/Freelance,35398.24,0.0,773,64.9,0,1,9,39,0,0.325,0.0,0.5009,0
APL300867,26,Self-Employed,24254.6,5558.6,733,70.5,0,0,2,83,0,0.403,22.9,0.5951,1
APL300868,39,Student/Intern,12770.72,5974.16,781,91.6,0,2,5,56,21,0.246,46.8,0.6092,0
APL300869,32,Salaried,14524.18,4391.53,683,90.5,0,0,5,44,10,0.158,30.2,0.65,1
APL300870,26,Self-Employed,14254.56,0.0,694,89.3,0,1,7,89,19,0.345,0.0,0.65,0
APL300871,30,Salaried,26321.59,0.0,721,85.1,0,2,6,67,8,0.49,0.0,0.6354,1
APL300872,29,Salaried,28036.43,7250.61,714,91.0,0,2,2,39,32,0.443,25.9,0.65,1
APL300873,36,Salaried,18704.2,0.0,773,81.2,0,1,2,108,29,0.384,0.0,0.5168,1
APL300874,41,Salaried,34164.27,9217.56,807,65.2,0,0,6,84,24,0.54,27.0,0.4164,0
APL300875,31,Salaried,41417.35,12439.75,698,91.7,0,1,7,84,24,0.188,30.0,0.65,0
APL300876,26,Salaried,24080.93,0.0,794,72.7,0,1,3,56,6,0.525,0.0,0.4798,0
APL300877,30,Salaried,21009.06,11142.09,738,77.8,0,2,5,80,8,0.44,53.0,0.6461,0
APL300878,33,Salaried,74170.7,16349.99,730,70.3,1,1,4,74,19,0.303,22.0,0.65,0
APL300879,30,Salaried,27562.23,8350.09,730,127.3,0,1,8,94,8,0.378,30.3,0.65,1
APL300880,26,Salaried,22590.35,0.0,676,90.0,0,1,5,68,0,0.142,0.0,0.65,1
APL300881,31,Salaried,63585.49,0.0,768,55.9,0,3,5,102,19,0.325,0.0,0.4414,1
APL300882,41,Self-Employed,20540.91,2576.45,689,89.6,0,0,4,22,19,0.152,12.5,0.65,1
APL300883,28,Gig/Freelance,33810.65,0.0,672,117.0,0,1,6,19,4,0.28,0.0,0.65,1
APL300884,30,Salaried,28009.65,9478.96,832,35.7,0,1,7,76,16,0.758,33.8,0.3259,0
APL300885,42,Salaried,44270.52,7510.98,793,78.3,0,0,2,75,33,0.422,17.0,0.4733,1
APL300886,35,Salaried,31724.81,0.0,749,68.2,0,3,7,83,12,0.525,0.0,0.5446,0
APL300887,28,Student/Intern,51606.07,8888.28,773,44.5,0,2,4,67,0,0.361,17.2,0.4799,1
APL300888,42,Salaried,31986.26,4608.3,782,93.8,0,0,7,90,13,0.284,14.4,0.535,0
APL300889,31,Self-Employed,122264.23,19735.41,733,112.5,0,1,1,71,0,0.283,16.1,0.65,0
APL300890,45,Student/Intern,47732.01,1772.2,703,82.9,0,3,5,26,3,0.255,3.7,0.65,1
APL300891,21,Self-Employed,19295.93,0.0,714,58.0,0,1,2,27,15,0.126,0.0,0.6287,1
APL300892,30,Salaried,79735.29,19301.61,724,118.3,0,3,5,88,14,0.144,24.2,0.65,0
APL300893,37,Salaried,14880.7,0.0,689,73.0,0,2,8,104,34,0.212,0.0,0.65,0
APL300894,28,Salaried,23123.64,8751.63,717,83.9,0,5,5,83,0,0.421,37.8,0.65,0
APL300895,46,Self-Employed,32734.6,6683.61,830,90.0,0,1,5,81,31,0.693,20.4,0.4293,1
APL300896,26,Self-Employed,60978.53,14676.07,749,94.0,0,0,2,45,3,0.285,24.1,0.6477,0
APL300897,33,Salaried,24705.12,0.0,741,67.0,0,2,3,90,17,0.304,0.0,0.5659,1
APL300898,26,Salaried,42064.17,15473.18,588,72.0,0,5,5,64,0,0.108,36.8,0.65,0
APL300899,29,Salaried,12000.0,2586.88,695,68.9,0,2,6,35,34,0.177,21.6,0.65,0
APL300900,34,Self-Employed,18550.7,6725.38,748,57.9,0,1,5,51,17,0.401,36.3,0.5571,0
APL300901,39,Salaried,47474.59,0.0,775,80.0,0,3,3,74,27,0.383,0.0,0.5229,1
APL300902,25,Salaried,41992.14,11345.04,655,75.2,0,0,3,51,14,0.14,27.0,0.65,1
APL300903,36,Salaried,55489.64,4676.23,636,106.3,0,1,2,67,52,0.167,8.4,0.65,0
APL300904,35,Self-Employed,29821.92,4827.42,708,87.2,1,3,1,11,32,0.339,16.2,0.65,0
APL300905,33,Self-Employed,89988.12,20925.76,783,51.5,0,2,4,84,28,0.454,23.3,0.4557,1
APL300906,34,Salaried,12049.88,5073.2,591,77.8,0,2,2,54,20,0.142,42.1,0.65,1
APL300907,34,Salaried,23540.54,0.0,683,66.6,0,2,4,73,4,0.426,0.0,0.65,0
APL300908,30,Self-Employed,19620.48,0.0,786,85.1,0,1,6,85,0,0.465,0.0,0.5148,1
APL300909,22,Salaried,43110.57,8062.33,696,110.3,0,4,2,40,13,0.302,18.7,0.65,1
APL300910,26,Salaried,84601.27,0.0,620,65.2,0,3,4,47,0,0.0,0.0,0.65,1
APL300911,25,Self-Employed,20677.48,8338.16,621,89.2,0,6,8,62,0,0.137,40.3,0.65,1
APL300912,35,Salaried,49613.18,4184.66,688,77.4,0,1,2,71,8,0.055,8.4,0.65,1
APL300913,29,Gig/Freelance,38051.56,0.0,705,106.4,0,2,2,87,7,0.42,0.0,0.65,1
APL300914,38,Gig/Freelance,74796.37,0.0,786,82.0,0,1,8,82,10,0.524,0.0,0.4282,0
APL300915,47,Salaried,43502.33,9490.57,823,81.3,0,1,4,101,26,0.463,21.8,0.4362,0
APL300916,37,Self-Employed,63992.5,0.0,836,72.8,0,0,5,93,14,0.747,0.0,0.2998,0
APL300917,31,Self-Employed,37779.81,6791.42,763,92.4,0,0,4,66,1,0.294,18.0,0.5926,1
APL300918,48,Salaried,15434.15,0.0,731,71.7,0,4,4,67,66,0.272,0.0,0.6124,1
APL300919,33,Gig/Freelance,40347.7,0.0,692,83.7,0,1,5,62,14,0.25,0.0,0.65,1
APL300920,26,Gig/Freelance,12000.0,2679.78,630,77.5,0,1,7,39,3,0.036,22.3,0.65,1
APL300921,33,Salaried,60873.7,0.0,773,92.8,0,2,3,51,18,0.386,0.0,0.5421,1
APL300922,25,Salaried,16318.56,0.0,605,115.8,0,1,7,42,11,0.053,0.0,0.65,0
APL300923,39,Gig/Freelance,55321.91,9118.08,776,92.3,0,0,3,79,22,0.204,16.5,0.5497,0
APL300924,22,Salaried,20975.39,6515.35,668,80.2,0,3,7,44,4,0.187,31.1,0.65,0
APL300925,22,Salaried,55827.52,0.0,792,73.4,0,4,3,70,2,0.699,0.0,0.4808,1
APL300926,34,Self-Employed,36134.41,0.0,762,87.1,0,0,3,92,18,0.761,0.0,0.4945,0
APL300927,42,Salaried,35662.63,8968.33,749,85.3,0,1,4,81,13,0.251,25.1,0.616,0
APL300928,35,Salaried,44034.38,10816.18,753,92.3,0,0,1,98,25,0.329,24.6,0.6002,0
APL300929,40,Salaried,34381.94,0.0,742,79.5,0,4,5,97,30,0.56,0.0,0.5757,1
APL300930,30,Salaried,25304.07,7966.1,810,112.6,0,0,4,65,8,0.396,31.5,0.5705,1
APL300931,29,Self-Employed,19162.39,0.0,620,60.0,0,1,4,29,25,0.246,0.0,0.65,1
APL300932,21,Self-Employed,17289.35,1855.38,595,81.0,0,2,2,27,24,0.077,10.7,0.65,1
APL300933,37,Salaried,29316.48,0.0,648,97.1,1,0,2,87,38,0.226,0.0,0.65,1
APL300934,34,Salaried,26387.59,0.0,701,103.3,0,0,3,23,0,0.246,0.0,0.65,0
APL300935,38,Self-Employed,24759.79,3141.75,642,93.1,0,2,5,63,25,0.237,12.7,0.65,0
APL300936,29,Student/Intern,19851.53,510.44,724,82.9,0,1,4,76,2,0.16,2.6,0.6466,0
APL300937,26,Gig/Freelance,12000.0,2679.78,630,77.5,0,1,7,39,3,0.036,22.3,0.65,1
APL300938,31,Salaried,20289.63,5734.06,710,97.5,1,3,5,34,5,0.401,28.3,0.65,0
APL300939,27,Salaried,19313.08,0.0,604,88.1,0,0,2,2,22,0.037,0.0,0.65,1
APL300940,35,Gig/Freelance,17948.79,5270.09,748,80.9,0,3,9,68,19,0.364,29.4,0.6328,1
APL300941,31,Self-Employed,28121.69,4576.53,723,85.0,1,1,4,33,26,0.376,16.3,0.65,1
APL300942,43,Salaried,53279.75,12249.57,802,73.5,0,0,5,99,43,0.554,23.0,0.4144,0
APL300943,29,Self-Employed,15752.47,0.0,774,78.8,0,0,6,56,20,0.43,0.0,0.5096,1
APL300944,38,Salaried,33163.2,9059.07,625,84.9,0,1,5,22,26,0.0,27.3,0.65,1
APL300945,30,Self-Employed,17709.88,0.0,599,86.1,0,2,8,61,3,0.162,0.0,0.65,1
APL300946,46,Salaried,31242.34,7192.5,722,93.6,0,1,2,90,22,0.4,23.0,0.65,1
APL300947,31,Gig/Freelance,38555.02,9773.84,702,89.4,0,1,5,70,13,0.336,25.4,0.65,1
APL300948,29,Salaried,46536.07,8612.83,692,97.5,0,1,7,61,4,0.0,18.5,0.65,0
APL300949,46,Salaried,29672.44,0.0,583,80.9,0,5,3,51,38,0.179,0.0,0.65,1
APL300950,32,Salaried,14524.18,4391.53,683,90.5,0,0,5,44,10,0.158,30.2,0.65,1
APL300951,30,Gig/Freelance,48486.17,8344.52,728,85.3,0,2,3,60,2,0.376,17.2,0.65,0
APL300952,31,Self-Employed,22418.96,4222.24,641,98.7,0,3,3,45,10,0.294,18.8,0.65,1
APL300953,27,Salaried,17511.74,0.0,782,82.1,0,0,7,60,20,0.292,0.0,0.51,0
APL300954,40,Salaried,78221.76,8190.99,690,80.5,0,3,5,83,26,0.158,10.5,0.65,1
APL300955,28,Salaried,28039.87,4350.18,720,64.7,0,2,5,88,13,0.299,15.5,0.6076,1
APL300956,33,Salaried,53042.89,9724.3,553,71.6,0,3,2,25,37,0.0,18.3,0.65,1
APL300957,27,Self-Employed,25296.97,2843.37,704,98.8,0,1,3,83,0,0.034,11.2,0.65,0
APL300958,28,Self-Employed,16055.47,0.0,795,48.6,0,1,7,68,10,0.337,0.0,0.4235,0
APL300959,22,Salaried,24286.08,0.0,679,54.3,0,5,7,16,16,0.203,0.0,0.65,1
APL300960,40,Self-Employed,13428.06,0.0,609,89.1,0,3,8,60,40,0.187,0.0,0.65,0
APL300961,21,Salaried,22904.68,0.0,621,36.9,0,0,4,42,21,0.178,0.0,0.65,0
APL300962,29,Self-Employed,64703.4,8458.88,685,71.1,0,0,7,49,13,0.103,13.1,0.65,1
APL300963,40,Salaried,52087.12,0.0,770,53.9,0,1,3,69,34,0.544,0.0,0.4118,0
APL300964,39,Salaried,44365.33,12178.83,790,75.2,0,1,5,64,39,0.569,27.5,0.4865,1
APL300965,46,Self-Employed,32734.6,6683.61,830,90.0,0,1,5,81,31,0.693,20.4,0.4293,1
APL300966,31,Salaried,37831.38,9576.25,619,79.4,0,1,4,35,11,0.128,25.3,0.65,0
APL300967,36,Salaried,41708.65,16010.89,590,120.2,0,4,6,40,39,0.0,38.4,0.65,0
APL300968,29,Student/Intern,32989.39,0.0,652,79.1,0,2,7,58,7,0.0,0.0,0.65,0
APL300969,35,Salaried,40253.09,0.0,639,87.5,0,3,4,49,18,0.377,0.0,0.65,0
APL300970,34,Salaried,20623.88,0.0,728,74.3,0,1,8,80,34,0.463,0.0,0.5649,0
APL300971,28,Salaried,17107.32,0.0,644,105.0,0,2,4,1,19,0.0,0.0,0.65,1
APL300972,36,Student/Intern,29863.02,3004.51,692,110.7,1,0,5,54,10,0.27,10.1,0.65,0
APL300973,33,Self-Employed,48951.21,16527.98,658,78.5,0,3,6,114,0,0.0,33.8,0.65,0
APL300974,39,Salaried,35590.32,12447.31,679,80.5,0,4,5,35,37,0.398,35.0,0.65,1
APL300975,28,Salaried,12000.0,6874.08,699,68.7,0,1,7,78,2,0.308,57.3,0.65,0
APL300976,37,Self-Employed,63992.5,0.0,836,72.8,0,0,5,93,14,0.747,0.0,0.2998,0
APL300977,33,Salaried,24705.12,0.0,741,67.0,0,2,3,90,17,0.304,0.0,0.5659,1
APL300978,32,Salaried,12029.28,0.0,695,86.5,0,0,6,44,15,0.204,0.0,0.65,1
APL300979,21,Self-Employed,12000.0,2071.09,676,97.4,0,2,7,65,3,0.126,17.3,0.65,1
APL300980,37,Salaried,14880.7,0.0,689,73.0,0,2,8,104,34,0.212,0.0,0.65,0
APL300981,50,Salaried,24592.32,4250.64,737,78.3,0,1,5,83,41,0.471,17.3,0.568,0
APL300982,33,Salaried,33070.73,2771.96,734,78.2,0,1,3,52,0,0.344,8.4,0.6189,1
APL300983,31,Self-Employed,122264.23,19735.41,733,112.5,0,1,1,71,0,0.283,16.1,0.65,0
APL300984,36,Student/Intern,29863.02,3004.51,692,110.7,1,0,5,54,10,0.27,10.1,0.65,0
APL300985,38,Salaried,18311.97,3280.56,649,84.0,0,0,2,67,15,0.0,17.9,0.65,0
APL300986,31,Salaried,93915.02,15727.45,748,97.7,0,1,8,46,18,0.139,16.7,0.6263,0
APL300987,26,Gig/Freelance,45321.24,11124.44,683,84.5,0,1,2,20,1,0.323,24.5,0.65,1
APL300988,29,Salaried,57106.11,5891.66,761,72.0,0,1,6,71,14,0.315,10.3,0.5162,1
APL300989,24,Self-Employed,24794.51,2048.75,784,48.8,0,1,2,73,15,0.323,8.3,0.4519,0
APL300990,37,Salaried,49442.36,0.0,742,79.3,0,2,5,104,19,0.417,0.0,0.5374,0
APL300991,34,Gig/Freelance,22036.87,12871.34,795,95.0,0,2,3,70,36,0.336,58.4,0.6014,1
APL300992,40,Salaried,12028.64,9223.62,798,52.0,0,1,6,81,19,0.66,76.7,0.4401,0
APL300993,29,Salaried,46704.53,3165.16,736,94.4,0,1,4,98,19,0.497,6.8,0.5885,1
APL300994,27,Self-Employed,42911.62,8986.87,729,82.1,0,1,6,58,19,0.44,20.9,0.6216,1
APL300995,43,Self-Employed,52135.27,12092.97,716,94.6,0,2,6,82,39,0.449,23.2,0.65,0
APL300996,34,Salaried,55038.11,0.0,665,83.9,1,1,2,40,22,0.381,0.0,0.65,1
APL300997,35,Salaried,40253.09,0.0,639,87.5,0,3,4,49,18,0.377,0.0,0.65,0
APL300998,47,Student/Intern,35224.93,0.0,699,77.6,0,1,3,69,23,0.215,0.0,0.6441,1
APL300999,29,Salaried,12000.0,2586.88,695,68.9,0,2,6,35,34,0.177,21.6,0.65,0
APL301000,30,Gig/Freelance,22372.53,0.0,784,98.0,0,2,4,46,2,0.492,0.0,0.5848,0
APL301001,39,Gig/Freelance,25594.01,3413.17,730,75.9,0,1,7,70,8,0.488,13.3,0.5979,0
APL301002,40,Self-Employed,48577.16,0.0,741,72.4,0,1,4,73,21,0.505,0.0,0.5179,0
APL301003,23,Salaried,80581.89,0.0,794,65.0,0,0,8,77,29,0.557,0.0,0.3383,0
APL301004,34,Student/Intern,32960.98,3244.89,827,39.9,0,3,7,94,4,0.576,9.8,0.3533,0
APL301005,39,Salaried,21957.03,6577.68,802,85.1,0,2,6,88,14,0.511,30.0,0.5189,0
APL301006,31,Salaried,20384.99,3035.67,712,65.1,0,4,6,59,10,0.461,14.9,0.65,1
APL301007,22,Salaried,45697.3,0.0,623,76.3,0,8,9,20,18,0.229,0.0,0.65,1
APL301008,25,Student/Intern,20774.69,4740.97,742,91.6,0,1,5,69,0,0.311,22.8,0.6456,1
APL301009,28,Salaried,26139.27,535.54,858,83.4,0,1,7,100,22,0.592,2.0,0.3503,0
APL301010,21,Salaried,48749.16,12571.23,773,80.5,0,2,7,64,1,0.268,25.8,0.5935,0
APL301011,28,Salaried,28705.78,0.0,671,90.4,0,3,6,47,4,0.169,0.0,0.65,1
APL301012,32,Salaried,50351.86,8896.11,725,100.0,0,1,3,56,28,0.322,17.7,0.65,1
APL301013,31,Salaried,47469.15,5709.88,731,96.2,0,2,7,82,0,0.464,12.0,0.6472,0
APL301014,31,Salaried,26184.46,9120.28,651,109.9,0,4,2,29,4,0.249,34.8,0.65,0
APL301015,25,Salaried,25859.35,5189.02,783,71.8,0,1,4,45,7,0.432,20.1,0.5272,0
APL301016,29,Salaried,12000.0,0.0,749,58.4,0,1,4,69,17,0.368,0.0,0.5299,0
APL301017,37,Salaried,40552.72,0.0,805,88.6,0,1,2,85,0,0.506,0.0,0.4761,1
APL301018,26,Self-Employed,14254.56,0.0,694,89.3,0,1,7,89,19,0.345,0.0,0.65,0
APL301019,26,Salaried,16218.83,0.0,603,69.2,0,3,6,70,4,0.0,0.0,0.65,0
APL301020,46,Self-Employed,19195.66,718.05,661,92.5,0,0,7,68,25,0.32,3.7,0.65,0
APL301021,28,Salaried,48584.54,3948.95,751,93.8,0,3,7,80,14,0.58,8.1,0.5985,0
APL301022,31,Self-Employed,122264.23,19735.41,733,112.5,0,1,1,71,0,0.283,16.1,0.65,0
APL301023,21,Salaried,17990.09,1112.4,794,50.8,0,2,3,108,0,0.383,6.2,0.4451,0
APL301024,38,Salaried,12718.49,9789.13,689,80.7,0,1,5,54,30,0.242,77.0,0.65,1
APL301025,34,Salaried,44425.4,6735.54,579,110.5,0,1,8,27,27,0.0,15.2,0.65,1
APL301026,34,Salaried,12077.88,2982.34,731,79.6,0,1,3,44,32,0.222,24.7,0.6424,1
APL301027,24,Salaried,52219.46,7733.81,618,133.4,0,0,6,34,16,0.0,14.8,0.65,0
APL301028,30,Self-Employed,43535.63,0.0,747,80.5,0,1,7,83,9,0.438,0.0,0.5379,1
APL301029,28,Self-Employed,30750.03,10050.04,722,115.5,0,2,6,61,19,0.225,32.7,0.65,1
APL301030,30,Salaried,12545.72,3385.65,720,82.4,0,1,6,70,5,0.191,27.0,0.65,1
APL301031,33,Student/Intern,22023.23,0.0,823,63.2,0,0,4,67,16,0.512,0.0,0.376,0
APL301032,24,Gig/Freelance,26782.43,0.0,619,49.6,0,3,6,21,0,0.101,0.0,0.65,1
APL301033,26,Salaried,16218.83,0.0,603,69.2,0,3,6,70,4,0.0,0.0,0.65,0
APL301034,25,Salaried,62316.82,0.0,625,101.1,0,2,2,39,2,0.242,0.0,0.65,0
APL301035,45,Salaried,12851.57,3435.16,793,92.9,0,3,4,79,38,0.173,26.7,0.5834,1
APL301036,39,Gig/Freelance,41684.99,0.0,722,56.0,0,2,6,70,28,0.098,0.0,0.5578,0
APL301037,22,Self-Employed,13721.06,1525.22,764,53.6,0,0,3,41,17,0.178,11.1,0.5129,0
APL301038,27,Salaried,30217.04,7740.17,820,42.0,0,3,8,103,5,0.695,25.6,0.3804,1
APL301039,23,Self-Employed,17861.85,6687.89,691,85.3,0,4,7,29,1,0.036,37.4,0.65,0
APL301040,38,Salaried,81993.86,21747.79,676,80.0,0,1,6,71,20,0.234,26.5,0.65,1
APL301041,33,Salaried,13192.83,2296.01,623,82.0,0,1,5,16,10,0.413,17.4,0.65,1
APL301042,34,Student/Intern,12000.0,0.0,900,85.1,0,1,2,88,8,0.773,0.0,0.318,0
APL301043,39,Salaried,35702.63,1011.27,725,105.6,0,0,2,77,13,0.265,2.8,0.65,1
APL301044,34,Salaried,25001.09,313.58,782,73.3,0,1,4,68,0,0.371,1.3,0.5077,1
APL301045,40,Salaried,12000.0,0.0,720,102.2,0,2,4,77,23,0.345,0.0,0.65,1
APL301046,37,Self-Employed,29933.54,0.0,662,52.8,0,3,6,1,23,0.19,0.0,0.65,0
APL301047,39,Self-Employed,59617.99,0.0,564,78.6,0,1,2,61,38,0.076,0.0,0.65,0
APL301048,25,Self-Employed,36783.82,9489.65,709,95.8,0,4,1,83,4,0.181,25.8,0.65,0
APL301049,21,Self-Employed,31996.75,0.0,854,60.6,0,0,4,119,13,0.334,0.0,0.3013,0
APL301050,25,Salaried,22666.33,0.0,774,56.3,0,0,3,26,6,0.447,0.0,0.4789,0
APL301051,27,Salaried,19710.59,0.0,750,52.8,0,0,4,89,0,0.292,0.0,0.4955,1
APL301052,36,Salaried,41708.65,16010.89,590,120.2,0,4,6,40,39,0.0,38.4,0.65,0
APL301053,29,Gig/Freelance,22900.66,0.0,673,92.2,0,0,2,53,5,0.338,0.0,0.65,1
APL301054,26,Salaried,30728.34,0.0,672,90.0,0,1,7,17,0,0.149,0.0,0.65,1
APL301055,28,Salaried,21501.49,0.0,648,90.7,0,0,4,66,13,0.157,0.0,0.65,1
APL301056,31,Student/Intern,57853.59,0.0,687,60.2,0,2,2,45,10,0.287,0.0,0.6331,1
APL301057,29,Gig/Freelance,22900.66,0.0,673,92.2,0,0,2,53,5,0.338,0.0,0.65,1
APL301058,32,Salaried,20949.97,7213.9,680,63.5,0,2,5,59,18,0.241,34.4,0.65,1
APL301059,39,Salaried,49499.84,0.0,661,61.4,0,2,5,74,39,0.235,0.0,0.6438,0
APL301060,37,Salaried,40737.82,15623.85,653,87.2,0,3,7,57,30,0.286,38.4,0.65,1
APL301061,31,Salaried,53573.94,5817.35,668,85.1,0,0,2,5,7,0.319,10.9,0.65,1
APL301062,31,Salaried,20213.68,4880.34,605,72.1,0,2,8,24,10,0.119,24.1,0.65,1
APL301063,48,Salaried,15434.15,0.0,731,71.7,0,4,4,67,66,0.272,0.0,0.6124,1
APL301064,29,Self-Employed,15752.47,0.0,774,78.8,0,0,6,56,20,0.43,0.0,0.5096,1
APL301065,21,Salaried,62002.03,0.0,786,88.1,0,3,5,47,0,0.22,0.0,0.5417,1
APL301066,24,Salaried,37361.86,14007.95,745,103.2,0,4,6,84,0,0.289,37.5,0.65,1
APL301067,40,Salaried,23130.8,0.0,770,71.8,0,3,3,86,26,0.363,0.0,0.5378,0
APL301068,32,Salaried,48201.63,12478.0,816,63.8,0,2,3,42,0,0.655,25.9,0.4705,0
APL301069,31,Self-Employed,122264.23,19735.41,733,112.5,0,1,1,71,0,0.283,16.1,0.65,0
APL301070,35,Gig/Freelance,17164.21,1117.24,723,81.9,0,1,2,106,10,0.221,6.5,0.6374,0
APL301071,30,Salaried,34657.89,8693.17,650,105.3,0,1,6,55,4,0.155,25.1,0.65,1
APL301072,21,Student/Intern,23567.16,0.0,687,74.3,0,3,6,79,8,0.249,0.0,0.65,0
APL301073,52,Salaried,26255.27,3237.43,646,95.3,0,3,3,80,47,0.446,12.3,0.65,1
APL301074,26,Self-Employed,21519.73,4169.23,746,76.3,0,2,4,52,0,0.249,19.4,0.6332,0
APL301075,37,Self-Employed,38282.33,7023.32,653,78.6,0,2,0,85,15,0.197,18.3,0.65,0
APL301076,40,Salaried,17842.82,0.0,566,99.6,0,3,0,61,27,0.0,0.0,0.65,0
APL301077,38,Salaried,18311.97,3280.56,649,84.0,0,0,2,67,15,0.0,17.9,0.65,0
APL301078,36,Salaried,14380.03,4231.27,803,79.9,0,0,4,58,6,0.331,29.4,0.5064,0
APL301079,43,Gig/Freelance,20644.07,0.0,820,49.6,0,1,6,62,12,0.616,0.0,0.3603,0
APL301080,28,Salaried,32134.87,8563.36,766,54.7,0,3,3,92,15,0.533,26.6,0.5261,0
APL301081,23,Self-Employed,58771.43,18151.09,604,109.4,0,2,4,49,15,0.0,30.9,0.65,1
APL301082,39,Self-Employed,59617.99,0.0,564,78.6,0,1,2,61,38,0.076,0.0,0.65,0
APL301083,31,Salaried,33251.82,0.0,696,77.9,0,0,6,73,19,0.143,0.0,0.6325,0
APL301084,28,Salaried,37335.34,0.0,722,77.8,0,0,4,100,0,0.277,0.0,0.5799,1
APL301085,40,Self-Employed,13428.06,0.0,609,89.1,0,3,8,60,40,0.187,0.0,0.65,0
APL301086,35,Gig/Freelance,17164.21,1117.24,723,81.9,0,1,2,106,10,0.221,6.5,0.6374,0
APL301087,37,Salaried,36730.52,0.0,661,74.1,0,0,5,83,2,0.272,0.0,0.65,1
APL301088,38,Salaried,18311.97,3280.56,649,84.0,0,0,2,67,15,0.0,17.9,0.65,0
APL301089,34,Student/Intern,32960.98,3244.89,827,39.9,0,3,7,94,4,0.576,9.8,0.3533,0
APL301090,30,Salaried,33993.76,7399.5,567,81.7,0,1,5,26,15,0.0,21.8,0.65,1
APL301091,46,Salaried,29518.56,1414.81,524,130.9,0,2,2,44,47,0.0,4.8,0.65,1
APL301092,25,Self-Employed,23200.14,0.0,601,91.1,0,2,5,33,0,0.11,0.0,0.65,0
APL301093,39,Salaried,52753.92,0.0,827,81.2,0,0,5,112,26,0.53,0.0,0.3421,1
APL301094,31,Salaried,43899.65,2871.21,682,91.7,0,2,3,48,1,0.422,6.5,0.65,1
APL301095,37,Self-Employed,76569.65,14757.21,647,98.0,0,1,3,33,25,0.098,19.3,0.65,1
APL301096,33,Salaried,74170.7,16349.99,730,70.3,1,1,4,74,19,0.303,22.0,0.65,0
APL301097,30,Salaried,15326.75,0.0,716,83.7,0,0,3,60,8,0.082,0.0,0.65,0
APL301098,27,Salaried,27084.43,0.0,583,108.9,0,1,9,84,10,0.055,0.0,0.65,0
APL301099,34,Salaried,21253.67,5974.23,737,100.6,0,3,6,99,19,0.277,28.1,0.65,1
APL301100,31,Gig/Freelance,35398.24,0.0,773,64.9,0,1,9,39,0,0.325,0.0,0.5009,0
APL301101,39,Salaried,16601.18,0.0,716,100.1,0,5,2,88,14,0.214,0.0,0.65,1
APL301102,32,Salaried,12000.0,0.0,866,64.9,0,0,3,106,3,0.65,0.0,0.3098,0
APL301103,41,Self-Employed,37175.24,2341.59,599,97.2,0,5,6,38,19,0.0,6.3,0.65,1
APL301104,37,Salaried,107839.43,19233.67,735,103.2,0,3,7,23,41,0.41,17.8,0.65,1
APL301105,38,Self-Employed,23048.2,0.0,756,79.4,0,1,6,5,26,0.28,0.0,0.5824,1
APL301106,29,Salaried,22106.04,3767.37,833,102.4,0,1,2,48,8,0.851,17.0,0.4901,0
APL301107,21,Salaried,38752.65,3531.53,654,85.0,0,1,1,30,0,0.129,9.1,0.65,1
APL301108,32,Gig/Freelance,19596.14,0.0,627,112.3,0,0,5,30,10,0.0,0.0,0.65,0
APL301109,37,Salaried,20909.27,0.0,719,79.1,0,1,5,97,15,0.283,0.0,0.6101,0
APL301110,29,Self-Employed,29870.16,0.0,796,73.0,0,3,0,71,8,0.537,0.0,0.5099,0
APL301111,38,Salaried,27216.21,8587.9,630,102.1,0,0,7,63,37,0.044,31.6,0.65,1
APL301112,21,Salaried,75416.94,14186.09,713,92.6,0,1,8,61,0,0.12,18.8,0.65,0
APL301113,38,Self-Employed,48019.66,0.0,788,100.2,0,0,7,66,22,0.352,0.0,0.4976,1
APL301114,27,Salaried,19313.08,0.0,604,88.1,0,0,2,2,22,0.037,0.0,0.65,1
APL301115,37,Student/Intern,22665.58,0.0,655,81.7,0,2,7,55,26,0.142,0.0,0.65,0
APL301116,21,Self-Employed,18549.56,4518.72,717,80.8,0,1,6,34,0,0.444,24.4,0.65,1
APL301117,22,Salaried,96360.0,19414.19,745,91.8,0,1,5,109,0,0.459,20.1,0.5919,0
APL301118,32,Salaried,24692.98,0.0,749,81.6,0,0,5,99,0,0.478,0.0,0.539,0
APL301119,34,Self-Employed,36134.41,0.0,762,87.1,0,0,3,92,18,0.761,0.0,0.4945,0
APL301120,28,Salaried,35591.92,0.0,746,76.9,0,1,2,76,33,0.548,0.0,0.5329,0
APL301121,30,Salaried,21220.07,3073.35,635,105.0,0,5,6,80,41,0.256,14.5,0.65,0
APL301122,29,Student/Intern,41903.81,0.0,655,82.9,0,1,5,1,23,0.106,0.0,0.65,0
APL301123,40,Salaried,22203.86,3139.11,665,79.7,0,1,6,80,28,0.267,14.1,0.65,0
APL301124,21,Self-Employed,18549.56,4518.72,717,80.8,0,1,6,34,0,0.444,24.4,0.65,1
APL301125,21,Self-Employed,17289.35,1855.38,595,81.0,0,2,2,27,24,0.077,10.7,0.65,1
APL301126,47,Self-Employed,25965.9,8323.95,601,99.7,0,2,2,51,35,0.219,32.1,0.65,0
APL301127,27,Salaried,17511.74,0.0,782,82.1,0,0,7,60,20,0.292,0.0,0.51,0
APL301128,32,Salaried,12000.0,0.0,866,64.9,0,0,3,106,3,0.65,0.0,0.3098,0
APL301129,33,Salaried,47614.75,8742.01,741,47.5,0,0,6,48,33,0.334,18.4,0.4944,0
APL301130,40,Salaried,17842.82,0.0,566,99.6,0,3,0,61,27,0.0,0.0,0.65,0
APL301131,35,Salaried,40253.09,0.0,639,87.5,0,3,4,49,18,0.377,0.0,0.65,0
APL301132,40,Salaried,26735.25,6017.15,806,62.6,0,0,2,96,30,0.711,22.5,0.3973,1
APL301133,26,Salaried,22590.35,0.0,676,90.0,0,1,5,68,0,0.142,0.0,0.65,1
APL301134,21,Self-Employed,45629.52,5611.4,731,69.5,0,1,6,62,0,0.211,12.3,0.597,0
APL301135,25,Salaried,41992.14,11345.04,655,75.2,0,0,3,51,14,0.14,27.0,0.65,1
APL301136,27,Self-Employed,29071.95,2824.63,734,70.3,0,0,4,74,6,0.47,9.7,0.559,0
APL301137,37,Salaried,42720.18,0.0,647,88.6,0,0,7,76,18,0.355,0.0,0.65,0
APL301138,32,Self-Employed,34977.09,3915.99,767,88.4,0,2,6,65,23,0.384,11.2,0.5725,0
APL301139,37,Salaried,20909.27,0.0,719,79.1,0,1,5,97,15,0.283,0.0,0.6101,0
APL301140,33,Self-Employed,51697.01,0.0,801,93.0,0,2,2,81,33,0.383,0.0,0.4842,1
APL301141,28,Self-Employed,35379.8,7165.52,860,82.7,0,1,7,70,0,0.625,20.3,0.3927,0
APL301142,30,Salaried,39362.19,0.0,722,70.6,0,1,5,45,14,0.331,0.0,0.5846,1
APL301143,34,Student/Intern,21434.34,0.0,684,64.5,0,1,4,75,24,0.295,0.0,0.6405,0
APL301144,36,Self-Employed,26174.41,4283.11,547,89.8,0,5,2,40,28,0.102,16.4,0.65,1
APL301145,35,Salaried,24765.49,6146.9,774,54.1,0,0,6,36,15,0.338,24.8,0.4879,0
APL301146,26,Self-Employed,120488.54,24602.76,666,109.7,0,0,6,55,10,0.405,20.4,0.65,1
APL301147,42,Salaried,34641.05,0.0,755,35.0,0,0,1,70,22,0.481,0.0,0.4181,0
APL301148,41,Gig/Freelance,81768.89,9844.24,697,78.1,0,0,5,75,18,0.28,12.0,0.6106,0
APL301149,30,Gig/Freelance,48486.17,8344.52,728,85.3,0,2,3,60,2,0.376,17.2,0.65,0
APL301150,34,Salaried,55038.11,0.0,665,83.9,1,1,2,40,22,0.381,0.0,0.65,1
APL301151,31,Gig/Freelance,29416.73,7437.96,651,70.4,0,4,5,73,15,0.0,25.3,0.65,1
APL301152,40,Salaried,52963.2,2648.9,768,81.9,0,1,7,20,30,0.345,5.0,0.5289,0
APL301153,25,Salaried,34412.97,944.21,585,76.2,0,4,7,15,1,0.061,2.7,0.65,1
APL301154,42,Salaried,44270.52,7510.98,793,78.3,0,0,2,75,33,0.422,17.0,0.4733,1
APL301155,37,Self-Employed,66317.11,8256.47,585,106.8,0,0,4,28,19,0.0,12.4,0.65,1
APL301156,37,Gig/Freelance,45090.01,14421.05,770,87.0,0,1,3,103,25,0.17,32.0,0.5912,0
APL301157,28,Student/Intern,64851.1,4136.27,827,74.9,1,1,4,86,11,0.423,6.4,0.5435,0
APL301158,40,Salaried,17842.82,0.0,566,99.6,0,3,0,61,27,0.0,0.0,0.65,0
APL301159,35,Gig/Freelance,26931.47,6022.42,712,86.9,0,1,3,57,16,0.308,22.4,0.65,0
APL301160,28,Student/Intern,20200.84,6376.43,661,71.4,0,0,3,56,0,0.073,31.6,0.65,1
APL301161,37,Salaried,39074.4,8311.45,789,83.5,0,3,3,72,16,0.277,21.3,0.5758,0
APL301162,44,Salaried,20452.2,981.08,763,78.2,0,0,3,61,35,0.668,4.8,0.5047,1
APL301163,34,Salaried,20623.88,0.0,728,74.3,0,1,8,80,34,0.463,0.0,0.5649,0
APL301164,21,Salaried,62002.03,0.0,786,88.1,0,3,5,47,0,0.22,0.0,0.5417,1
APL301165,38,Student/Intern,24413.37,3694.5,577,106.1,0,4,3,69,0,0.0,15.1,0.65,0
APL301166,44,Gig/Freelance,83028.73,19504.53,658,119.9,0,6,7,77,8,0.303,23.5,0.65,0
APL301167,28,Salaried,28705.78,0.0,671,90.4,0,3,6,47,4,0.169,0.0,0.65,1
APL301168,25,Salaried,41992.14,11345.04,655,75.2,0,0,3,51,14,0.14,27.0,0.65,1
APL301169,24,Salaried,52219.46,7733.81,618,133.4,0,0,6,34,16,0.0,14.8,0.65,0
APL301170,30,Self-Employed,23944.89,7164.52,650,104.1,0,3,7,31,0,0.011,29.9,0.65,0
APL301171,33,Salaried,42114.44,0.0,697,58.2,0,2,10,37,21,0.291,0.0,0.6121,1
APL301172,21,Self-Employed,18474.07,0.0,716,85.2,0,2,8,90,2,0.262,0.0,0.65,1
APL301173,26,Salaried,42064.17,15473.18,588,72.0,0,5,5,64,0,0.108,36.8,0.65,0
APL301174,28,Salaried,23123.64,8751.63,717,83.9,0,5,5,83,0,0.421,37.8,0.65,0
APL301175,32,Self-Employed,29008.24,5126.07,671,58.4,0,0,4,81,8,0.15,17.7,0.65,1
APL301176,32,Salaried,20949.97,7213.9,680,63.5,0,2,5,59,18,0.241,34.4,0.65,1
APL301177,43,Gig/Freelance,20644.07,0.0,820,49.6,0,1,6,62,12,0.616,0.0,0.3603,0
APL301178,38,Salaried,23687.72,0.0,761,54.4,0,2,4,57,18,0.354,0.0,0.5081,1
APL301179,33,Salaried,48477.97,11192.16,770,78.3,0,0,7,8,32,0.314,23.1,0.5539,1
APL301180,21,Gig/Freelance,65887.14,0.0,606,91.5,0,1,4,48,10,0.0,0.0,0.65,1
APL301181,28,Salaried,23176.3,0.0,737,84.4,0,4,4,49,0,0.284,0.0,0.65,1
APL301182,34,Student/Intern,27532.49,158.45,834,85.6,0,0,8,54,19,0.419,0.6,0.4112,0
APL301183,25,Self-Employed,38981.75,0.0,693,84.1,0,1,3,23,0,0.204,0.0,0.65,1
APL301184,43,Salaried,53279.75,12249.57,802,73.5,0,0,5,99,43,0.554,23.0,0.4144,0
APL301185,36,Salaried,31414.64,2932.5,736,89.0,0,2,2,77,17,0.439,9.3,0.6343,1
APL301186,24,Gig/Freelance,26782.43,0.0,619,49.6,0,3,6,21,0,0.101,0.0,0.65,1
APL301187,29,Salaried,42080.04,0.0,785,73.5,0,2,3,139,0,0.375,0.0,0.4668,0
APL301188,22,Self-Employed,44171.5,0.0,540,82.8,0,7,3,63,0,0.07,0.0,0.65,1
APL301189,21,Self-Employed,19295.93,0.0,714,58.0,0,1,2,27,15,0.126,0.0,0.6287,1
APL301190,30,Salaried,16620.82,12052.77,701,90.4,0,1,5,94,0,0.39,72.5,0.65,1
APL301191,33,Salaried,25362.94,1459.05,677,75.2,0,3,3,13,10,0.348,5.8,0.65,1
APL301192,26,Gig/Freelance,34976.52,4079.23,631,83.6,0,0,4,22,9,0.044,11.7,0.65,0
APL301193,33,Self-Employed,71159.71,9801.28,667,78.0,0,4,8,45,5,0.028,13.8,0.65,1
APL301194,31,Salaried,73701.15,7142.21,703,95.9,0,2,5,48,10,0.331,9.7,0.65,1
APL301195,36,Salaried,17883.94,0.0,699,91.4,0,0,10,86,26,0.351,0.0,0.65,1
APL301196,39,Gig/Freelance,25594.01,3413.17,730,75.9,0,1,7,70,8,0.488,13.3,0.5979,0
APL301197,30,Self-Employed,23944.89,7164.52,650,104.1,0,3,7,31,0,0.011,29.9,0.65,0
APL301198,30,Salaried,21007.06,7291.7,722,73.2,0,6,7,54,7,0.284,34.7,0.65,1
APL301199,35,Salaried,12000.0,2367.86,709,68.2,0,1,7,34,21,0.424,19.7,0.6379,0
APL301200,33,Student/Intern,32874.14,10403.85,629,80.9,0,2,4,51,10,0.195,31.6,0.65,0
APL301201,24,Self-Employed,32621.09,10270.91,709,99.1,0,3,3,49,12,0.192,31.5,0.65,0
APL301202,21,Salaried,33723.43,0.0,627,77.8,0,1,4,35,0,0.168,0.0,0.65,1
APL301203,26,Salaried,16218.83,0.0,603,69.2,0,3,6,70,4,0.0,0.0,0.65,0
APL301204,46,Salaried,27564.33,14753.88,807,101.7,0,0,3,78,20,0.408,53.5,0.5683,0
APL301205,36,Self-Employed,82142.83,0.0,605,77.8,1,0,5,79,19,0.055,0.0,0.65,1
APL301206,32,Salaried,25170.24,6890.53,773,69.5,0,1,4,79,0,0.445,27.4,0.5356,0
APL301207,30,Self-Employed,17709.88,0.0,599,86.1,0,2,8,61,3,0.162,0.0,0.65,1
APL301208,31,Salaried,59259.58,0.0,589,73.5,0,3,4,48,0,0.002,0.0,0.65,1
APL301209,40,Self-Employed,34306.59,0.0,688,74.7,0,0,4,93,21,0.249,0.0,0.6233,1
APL301210,37,Salaried,36161.04,0.0,736,68.0,0,2,4,100,19,0.31,0.0,0.5511,1
APL301211,28,Salaried,74413.4,11958.28,702,85.4,0,0,6,85,2,0.199,16.1,0.65,1
APL301212,40,Salaried,12000.0,0.0,720,102.2,0,2,4,77,23,0.345,0.0,0.65,1
APL301213,36,Salaried,41708.65,16010.89,590,120.2,0,4,6,40,39,0.0,38.4,0.65,0
APL301214,32,Salaried,12000.0,1980.64,576,100.5,0,4,1,43,25,0.019,16.5,0.65,0
APL301215,34,Student/Intern,21434.34,0.0,684,64.5,0,1,4,75,24,0.295,0.0,0.6405,0
APL301216,47,Salaried,60239.76,8882.53,710,67.0,1,4,7,95,39,0.448,14.7,0.65,0
APL301217,29,Salaried,44402.1,1742.29,663,80.5,0,1,3,45,14,0.11,3.9,0.65,0
APL301218,39,Self-Employed,18575.56,3035.84,780,64.6,0,1,9,62,11,0.322,16.3,0.5046,0
APL301219,33,Salaried,74170.7,16349.99,730,70.3,1,1,4,74,19,0.303,22.0,0.65,0
APL301220,32,Self-Employed,92114.04,14439.82,670,62.5,0,2,6,61,24,0.254,15.7,0.65,0
APL301221,37,Gig/Freelance,43084.5,0.0,775,76.4,0,0,6,87,18,0.481,0.0,0.45,1
APL301222,26,Salaried,72993.86,0.0,696,77.0,0,0,5,58,17,0.25,0.0,0.584,1
APL301223,36,Student/Intern,29863.02,3004.51,692,110.7,1,0,5,54,10,0.27,10.1,0.65,0
APL301224,46,Salaried,16301.2,4264.06,600,123.9,0,3,7,61,23,0.108,26.2,0.65,1
APL301225,25,Salaried,19696.52,0.0,703,103.7,0,0,4,80,12,0.182,0.0,0.65,1
APL301226,32,Gig/Freelance,12029.13,5411.11,616,116.9,0,2,6,53,14,0.0,45.0,0.65,1
APL301227,37,Gig/Freelance,45090.01,14421.05,770,87.0,0,1,3,103,25,0.17,32.0,0.5912,0
APL301228,42,Self-Employed,17756.65,0.0,788,87.0,0,0,6,91,29,0.387,0.0,0.482,0
APL301229,35,Self-Employed,17256.73,0.0,763,85.5,0,1,4,99,12,0.401,0.0,0.5527,0
APL301230,39,Salaried,35702.63,1011.27,725,105.6,0,0,2,77,13,0.265,2.8,0.65,1
APL301231,39,Gig/Freelance,41684.99,0.0,722,56.0,0,2,6,70,28,0.098,0.0,0.5578,0
APL301232,28,Self-Employed,35379.8,7165.52,860,82.7,0,1,7,70,0,0.625,20.3,0.3927,0
APL301233,24,Gig/Freelance,45833.62,4860.54,630,109.8,0,2,4,41,1,0.0,10.6,0.65,0
APL301234,27,Salaried,21354.37,4303.69,654,111.2,0,4,6,69,8,0.213,20.2,0.65,1
APL301235,22,Salaried,96360.0,19414.19,745,91.8,0,1,5,109,0,0.459,20.1,0.5919,0
APL301236,45,Salaried,12000.0,6399.8,703,92.3,0,2,3,27,41,0.241,53.3,0.65,1
APL301237,39,Self-Employed,28841.71,0.0,792,81.1,0,1,4,75,21,0.544,0.0,0.4712,1
APL301238,35,Gig/Freelance,18842.84,855.68,662,70.7,0,0,3,31,14,0.236,4.5,0.65,1
APL301239,26,Salaried,38842.98,5066.96,618,108.8,0,3,2,59,7,0.0,13.0,0.65,1
APL301240,34,Gig/Freelance,13155.26,2791.29,771,89.5,0,0,0,76,15,0.314,21.2,0.5854,0
APL301241,25,Self-Employed,36783.82,9489.65,709,95.8,0,4,1,83,4,0.181,25.8,0.65,0
APL301242,35,Salaried,49613.18,4184.66,688,77.4,0,1,2,71,8,0.055,8.4,0.65,1
APL301243,27,Salaried,14750.32,0.0,619,115.0,0,0,7,23,3,0.011,0.0,0.65,0
APL301244,40,Self-Employed,16368.7,0.0,745,98.5,0,2,5,44,20,0.433,0.0,0.6453,0
APL301245,28,Salaried,36152.23,0.0,795,83.1,0,1,3,68,12,0.329,0.0,0.4931,0
APL301246,44,Self-Employed,12085.33,0.0,611,84.2,0,2,8,18,31,0.138,0.0,0.65,0
APL301247,37,Self-Employed,44005.49,5528.05,654,74.5,0,2,3,1,17,0.264,12.6,0.65,1
APL301248,32,Salaried,12000.0,0.0,866,64.9,0,0,3,106,3,0.65,0.0,0.3098,0
APL301249,41,Salaried,31168.08,1801.44,680,91.1,0,2,4,89,35,0.232,5.8,0.65,1
APL301250,31,Student/Intern,21788.71,0.0,813,98.0,0,0,6,78,13,0.416,0.0,0.4771,1
APL301251,41,Salaried,32048.01,0.0,725,88.3,0,1,2,105,23,0.394,0.0,0.6055,1
APL301252,30,Salaried,34657.89,8693.17,650,105.3,0,1,6,55,4,0.155,25.1,0.65,1
APL301253,27,Self-Employed,23469.84,8254.02,713,106.5,0,0,6,77,18,0.344,35.2,0.65,1
APL301254,29,Salaried,22303.65,10371.77,778,89.6,0,2,4,61,19,0.343,46.5,0.6159,1
APL301255,36,Salaried,22800.49,0.0,661,93.2,0,5,6,64,28,0.159,0.0,0.65,1
APL301256,26,Salaried,84601.27,0.0,620,65.2,0,3,4,47,0,0.0,0.0,0.65,1
APL301257,28,Salaried,28705.78,0.0,671,90.4,0,3,6,47,4,0.169,0.0,0.65,1
APL301258,40,Self-Employed,13362.45,2221.8,757,73.5,0,1,5,92,25,0.478,16.6,0.5323,0
APL301259,30,Salaried,79735.29,19301.61,724,118.3,0,3,5,88,14,0.144,24.2,0.65,0
APL301260,29,Self-Employed,64703.4,8458.88,685,71.1,0,0,7,49,13,0.103,13.1,0.65,1
APL301261,21,Salaried,57793.85,8833.23,736,94.1,0,0,4,54,4,0.237,15.3,0.635,0
APL301262,31,Salaried,21857.73,0.0,771,60.2,0,0,7,63,15,0.126,0.0,0.4837,1
APL301263,36,Gig/Freelance,51184.29,0.0,652,87.3,0,3,3,96,20,0.204,0.0,0.65,0
APL301264,32,Gig/Freelance,29629.34,0.0,692,102.4,0,1,5,30,11,0.204,0.0,0.65,1
APL301265,24,Salaried,52219.46,7733.81,618,133.4,0,0,6,34,16,0.0,14.8,0.65,0
APL301266,32,Salaried,25170.24,6890.53,773,69.5,0,1,4,79,0,0.445,27.4,0.5356,0
APL301267,34,Salaried,44425.4,6735.54,579,110.5,0,1,8,27,27,0.0,15.2,0.65,1
APL301268,41,Gig/Freelance,81768.89,9844.24,697,78.1,0,0,5,75,18,0.28,12.0,0.6106,0
APL301269,31,Salaried,51214.52,0.0,728,87.2,0,1,3,48,12,0.336,0.0,0.6095,1
APL301270,41,Salaried,34164.27,9217.56,807,65.2,0,0,6,84,24,0.54,27.0,0.4164,0
APL301271,36,Salaried,41431.26,8714.9,624,97.9,0,0,2,65,40,0.142,21.0,0.65,1
APL301272,38,Salaried,18311.97,3280.56,649,84.0,0,0,2,67,15,0.0,17.9,0.65,0
APL301273,28,Salaried,17149.24,8833.24,730,93.8,0,1,6,79,7,0.287,51.5,0.65,1
APL301274,35,Student/Intern,21967.15,0.0,762,77.0,0,2,5,80,22,0.42,0.0,0.5405,0
APL301275,42,Salaried,31986.26,4608.3,782,93.8,0,0,7,90,13,0.284,14.4,0.535,0
APL301276,25,Student/Intern,64162.26,0.0,734,76.3,0,0,4,49,5,0.32,0.0,0.5407,1
APL301277,32,Gig/Freelance,19596.14,0.0,627,112.3,0,0,5,30,10,0.0,0.0,0.65,0
APL301278,29,Gig/Freelance,33044.07,8763.9,719,96.0,0,0,6,65,10,0.118,26.5,0.65,0
APL301279,30,Salaried,20591.73,5048.19,758,67.9,0,2,5,87,0,0.146,24.5,0.5845,1
APL301280,21,Salaried,17990.09,1112.4,794,50.8,0,2,3,108,0,0.383,6.2,0.4451,0
APL301281,31,Salaried,12000.0,5415.51,721,56.9,0,1,2,43,10,0.335,45.1,0.6299,1
APL301282,36,Salaried,30582.31,11264.61,734,94.0,0,0,5,68,43,0.346,36.8,0.635,1
APL301283,21,Gig/Freelance,27154.66,5690.65,645,98.1,0,0,2,59,8,0.409,21.0,0.65,1
APL301284,28,Self-Employed,16055.47,0.0,795,48.6,0,1,7,68,10,0.337,0.0,0.4235,0
APL301285,34,Student/Intern,12000.0,0.0,900,85.1,0,1,2,88,8,0.773,0.0,0.318,0
APL301286,26,Salaried,16252.09,0.0,597,85.6,0,1,8,49,22,0.094,0.0,0.65,1
APL301287,23,Self-Employed,81514.1,0.0,799,66.1,0,0,2,90,0,0.244,0.0,0.3811,0
APL301288,32,Self-Employed,49699.07,5956.14,618,105.2,0,2,5,44,17,0.155,12.0,0.65,0
APL301289,29,Salaried,39405.93,3425.59,645,77.2,0,2,4,57,10,0.407,8.7,0.65,0
APL301290,26,Salaried,41281.36,17578.71,808,118.9,0,0,8,49,0,0.547,42.6,0.614,1
APL301291,39,Salaried,76902.76,0.0,646,69.3,0,1,8,39,14,0.181,0.0,0.65,1
APL301292,22,Self-Employed,89287.92,0.0,754,91.0,0,1,2,89,0,0.456,0.0,0.5122,0
APL301293,36,Gig/Freelance,76530.44,17031.19,566,91.1,0,1,5,26,22,0.0,22.3,0.65,1
APL301294,31,Gig/Freelance,37347.51,15799.33,682,106.7,0,3,2,66,0,0.237,42.3,0.65,1
APL301295,28,Salaried,21501.49,0.0,648,90.7,0,0,4,66,13,0.157,0.0,0.65,1
APL301296,21,Salaried,48595.93,0.0,733,77.2,0,5,9,88,0,0.383,0.0,0.6237,1
APL301297,34,Salaried,15424.24,7274.29,847,78.9,0,1,6,86,28,0.462,47.2,0.4138,1
APL301298,39,Salaried,44365.33,12178.83,790,75.2,0,1,5,64,39,0.569,27.5,0.4865,1
APL301299,25,Salaried,62316.82,0.0,625,101.1,0,2,2,39,2,0.242,0.0,0.65,0
APL301300,46,Salaried,14639.26,0.0,757,64.2,0,3,6,89,47,0.452,0.0,0.5183,0
APL301301,48,Salaried,15434.15,0.0,731,71.7,0,4,4,67,66,0.272,0.0,0.6124,1
APL301302,44,Salaried,23492.66,0.0,788,80.4,0,3,2,87,34,0.276,0.0,0.5324,0
APL301303,37,Gig/Freelance,44028.62,13321.02,744,75.8,0,0,6,74,15,0.163,30.3,0.5993,1
APL301304,22,Gig/Freelance,35202.24,0.0,686,78.3,0,2,4,16,0,0.159,0.0,0.65,1
APL301305,43,Salaried,27660.37,0.0,697,75.2,0,1,10,94,35,0.592,0.0,0.5944,1
APL301306,40,Salaried,12028.64,9223.62,798,52.0,0,1,6,81,19,0.66,76.7,0.4401,0
APL301307,40,Salaried,87097.39,21272.53,681,76.4,0,1,4,71,34,0.154,24.4,0.65,0
APL301308,39,Salaried,44365.33,12178.83,790,75.2,0,1,5,64,39,0.569,27.5,0.4865,1
APL301309,24,Gig/Freelance,26782.43,0.0,619,49.6,0,3,6,21,0,0.101,0.0,0.65,1
APL301310,39,Salaried,25476.89,2098.51,706,85.6,0,1,4,64,34,0.284,8.2,0.65,1
APL301311,40,Student/Intern,65828.26,19257.91,729,103.5,0,0,5,79,1,0.351,29.3,0.65,1
APL301312,36,Student/Intern,33546.41,9882.41,834,58.8,0,1,6,59,4,0.58,29.5,0.3999,0
APL301313,48,Self-Employed,26429.49,0.0,695,90.7,0,5,3,52,30,0.254,0.0,0.65,0
APL301314,30,Self-Employed,23944.89,7164.52,650,104.1,0,3,7,31,0,0.011,29.9,0.65,0
APL301315,32,Salaried,14524.18,4391.53,683,90.5,0,0,5,44,10,0.158,30.2,0.65,1
APL301316,32,Salaried,20949.97,7213.9,680,63.5,0,2,5,59,18,0.241,34.4,0.65,1
APL301317,36,Salaried,41708.65,16010.89,590,120.2,0,4,6,40,39,0.0,38.4,0.65,0
APL301318,34,Student/Intern,21434.34,0.0,684,64.5,0,1,4,75,24,0.295,0.0,0.6405,0
APL301319,34,Salaried,20623.88,0.0,728,74.3,0,1,8,80,34,0.463,0.0,0.5649,0
APL301320,29,Salaried,42080.04,0.0,785,73.5,0,2,3,139,0,0.375,0.0,0.4668,0
APL301321,26,Salaried,42064.17,15473.18,588,72.0,0,5,5,64,0,0.108,36.8,0.65,0
APL301322,47,Self-Employed,15594.39,0.0,735,84.0,0,2,9,88,28,0.364,0.0,0.6073,1
APL301323,40,Salaried,33488.29,10310.51,710,59.2,0,3,4,52,39,0.073,30.8,0.65,1
APL301324,29,Gig/Freelance,22900.66,0.0,673,92.2,0,0,2,53,5,0.338,0.0,0.65,1
APL301325,46,Salaried,31242.34,7192.5,722,93.6,0,1,2,90,22,0.4,23.0,0.65,1
APL301326,39,Salaried,47474.59,0.0,775,80.0,0,3,3,74,27,0.383,0.0,0.5229,1
APL301327,30,Self-Employed,42346.91,3515.52,729,77.3,0,3,3,83,0,0.472,8.3,0.6269,1
APL301328,39,Salaried,29125.05,6645.55,671,86.3,0,4,8,90,32,0.229,22.8,0.65,0
APL301329,27,Salaried,30217.04,7740.17,820,42.0,0,3,8,103,5,0.695,25.6,0.3804,1
APL301330,33,Salaried,24705.12,0.0,741,67.0,0,2,3,90,17,0.304,0.0,0.5659,1
APL301331,38,Salaried,43803.9,10809.05,721,75.4,0,0,3,92,20,0.38,24.7,0.6069,0
APL301332,22,Salaried,12658.51,0.0,765,79.9,0,0,6,45,15,0.447,0.0,0.5398,1
APL301333,22,Salaried,31262.25,6454.3,651,87.9,0,3,10,18,14,0.0,20.6,0.65,0
APL301334,27,Salaried,19313.08,0.0,604,88.1,0,0,2,2,22,0.037,0.0,0.65,1
APL301335,44,Self-Employed,29586.61,9337.25,786,80.2,0,0,7,79,32,0.434,31.6,0.5007,1
APL301336,21,Salaried,75416.94,14186.09,713,92.6,0,1,8,61,0,0.12,18.8,0.65,0
APL301337,25,Salaried,62316.82,0.0,625,101.1,0,2,2,39,2,0.242,0.0,0.65,0
APL301338,46,Salaried,29518.56,1414.81,524,130.9,0,2,2,44,47,0.0,4.8,0.65,1
APL301339,38,Salaried,32592.25,4482.24,770,86.2,0,1,7,59,11,0.359,13.8,0.5641,1
APL301340,30,Self-Employed,42346.91,3515.52,729,77.3,0,3,3,83,0,0.472,8.3,0.6269,1
APL301341,34,Self-Employed,25637.84,0.0,648,73.0,0,2,6,86,26,0.104,0.0,0.65,1
APL301342,25,Self-Employed,36783.82,9489.65,709,95.8,0,4,1,83,4,0.181,25.8,0.65,0
APL301343,27,Gig/Freelance,31119.03,3487.2,628,82.5,0,6,6,82,12,0.083,11.2,0.65,1
APL301344,37,Gig/Freelance,45090.01,14421.05,770,87.0,0,1,3,103,25,0.17,32.0,0.5912,0
APL301345,39,Self-Employed,24176.3,4810.86,623,87.6,0,1,7,63,37,0.177,19.9,0.65,0
APL301346,31,Gig/Freelance,35398.24,0.0,773,64.9,0,1,9,39,0,0.325,0.0,0.5009,0
APL301347,30,Salaried,27188.38,0.0,816,61.0,0,4,4,113,15,0.604,0.0,0.4153,0
APL301348,34,Student/Intern,12000.0,0.0,900,85.1,0,1,2,88,8,0.773,0.0,0.318,0
APL301349,33,Salaried,38984.4,0.0,761,78.2,0,0,1,84,28,0.437,0.0,0.5012,0
APL301350,38,Salaried,12000.0,0.0,636,93.2,0,3,4,33,23,0.184,0.0,0.65,1
APL301351,23,Self-Employed,81514.1,0.0,799,66.1,0,0,2,90,0,0.244,0.0,0.3811,0
APL301352,39,Salaried,21505.54,1878.73,601,73.2,0,2,8,30,23,0.151,8.7,0.65,0
APL301353,40,Self-Employed,13362.45,2221.8,757,73.5,0,1,5,92,25,0.478,16.6,0.5323,0
APL301354,30,Salaried,22567.83,888.41,700,58.8,0,2,8,78,29,0.299,3.9,0.6102,1
APL301355,38,Salaried,12000.0,0.0,636,93.2,0,3,4,33,23,0.184,0.0,0.65,1
APL301356,28,Salaried,17107.32,0.0,644,105.0,0,2,4,1,19,0.0,0.0,0.65,1
APL301357,27,Gig/Freelance,20479.66,5567.89,668,85.8,0,3,4,67,19,0.211,27.2,0.65,1
APL301358,34,Salaried,24689.52,0.0,734,66.4,0,0,2,72,16,0.174,0.0,0.5662,0
APL301359,32,Salaried,48201.63,12478.0,816,63.8,0,2,3,42,0,0.655,25.9,0.4705,0
APL301360,35,Self-Employed,43442.43,5410.08,678,61.5,0,1,8,77,7,0.231,12.5,0.65,1
APL301361,33,Salaried,38150.81,0.0,757,80.0,0,1,7,66,1,0.364,0.0,0.5459,0
APL301362,25,Salaried,26576.68,3115.91,669,94.5,0,2,5,73,0,0.314,11.7,0.65,1
APL301363,30,Gig/Freelance,15192.07,0.0,668,77.2,0,1,6,85,10,0.221,0.0,0.65,1
APL301364,31,Gig/Freelance,35398.24,0.0,773,64.9,0,1,9,39,0,0.325,0.0,0.5009,0
APL301365,26,Salaried,42064.17,15473.18,588,72.0,0,5,5,64,0,0.108,36.8,0.65,0
APL301366,35,Salaried,14975.76,4263.76,803,103.5,0,0,8,67,7,0.344,28.5,0.5533,1
APL301367,31,Gig/Freelance,35398.24,0.0,773,64.9,0,1,9,39,0,0.325,0.0,0.5009,0
APL301368,31,Self-Employed,42609.81,613.84,681,97.9,0,2,6,13,0,0.315,1.4,0.65,1
APL301369,21,Salaried,44994.97,11072.85,704,64.7,0,2,8,72,16,0.377,24.6,0.6453,1
APL301370,21,Salaried,48749.16,12571.23,773,80.5,0,2,7,64,1,0.268,25.8,0.5935,0
APL301371,31,Salaried,41363.89,0.0,603,118.6,0,4,1,7,6,0.0,0.0,0.65,1
APL301372,47,Salaried,43502.33,9490.57,823,81.3,0,1,4,101,26,0.463,21.8,0.4362,0
APL301373,26,Salaried,42064.17,15473.18,588,72.0,0,5,5,64,0,0.108,36.8,0.65,0
APL301374,24,Salaried,52219.46,7733.81,618,133.4,0,0,6,34,16,0.0,14.8,0.65,0
APL301375,30,Self-Employed,23944.89,7164.52,650,104.1,0,3,7,31,0,0.011,29.9,0.65,0
APL301376,28,Self-Employed,110982.9,20001.9,695,84.6,0,0,4,53,6,0.366,18.0,0.65,0
APL301377,34,Student/Intern,35130.24,5141.32,602,56.1,0,1,6,68,12,0.138,14.6,0.65,0
APL301378,32,Salaried,16535.0,0.0,749,93.8,0,3,7,54,13,0.412,0.0,0.6456,1
APL301379,33,Self-Employed,51697.01,0.0,801,93.0,0,2,2,81,33,0.383,0.0,0.4842,1
APL301380,28,Gig/Freelance,63458.0,0.0,712,79.7,0,1,6,26,5,0.236,0.0,0.6168,0
APL301381,28,Salaried,52256.29,12960.11,764,73.4,0,3,5,26,0,0.187,24.8,0.6304,0
APL301382,40,Salaried,34051.71,0.0,642,92.7,0,3,2,76,12,0.157,0.0,0.65,1
APL301383,22,Salaried,25423.34,5142.3,483,99.3,0,2,4,29,0,0.0,20.2,0.65,0
APL301384,40,Salaried,33488.29,10310.51,710,59.2,0,3,4,52,39,0.073,30.8,0.65,1
APL301385,29,Salaried,42080.04,0.0,785,73.5,0,2,3,139,0,0.375,0.0,0.4668,0
APL301386,38,Self-Employed,30232.95,3476.27,704,60.6,0,0,3,69,8,0.286,11.5,0.6074,0
APL301387,28,Salaried,48584.54,3948.95,751,93.8,0,3,7,80,14,0.58,8.1,0.5985,0
APL301388,30,Self-Employed,17709.88,0.0,599,86.1,0,2,8,61,3,0.162,0.0,0.65,1
APL301389,38,Student/Intern,57257.57,14407.8,769,105.4,0,1,6,77,13,0.24,25.2,0.6285,0
APL301390,25,Salaried,16318.56,0.0,605,115.8,0,1,7,42,11,0.053,0.0,0.65,0
APL301391,29,Salaried,75809.29,8912.77,650,97.4,0,2,4,29,19,0.238,11.8,0.65,1
APL301392,24,Gig/Freelance,56405.57,10777.11,588,105.5,0,2,3,53,20,0.002,19.1,0.65,0
APL301393,23,Salaried,80581.89,0.0,794,65.0,0,0,8,77,29,0.557,0.0,0.3383,0
APL301394,25,Self-Employed,38981.75,0.0,693,84.1,0,1,3,23,0,0.204,0.0,0.65,1
APL301395,41,Salaried,62859.81,11363.7,751,93.4,0,0,4,84,32,0.391,18.1,0.5687,1
APL301396,27,Salaried,17511.74,0.0,782,82.1,0,0,7,60,20,0.292,0.0,0.51,0
APL301397,47,Salaried,43502.33,9490.57,823,81.3,0,1,4,101,26,0.463,21.8,0.4362,0
APL301398,28,Self-Employed,25578.2,0.0,693,101.3,0,1,5,39,2,0.183,0.0,0.65,1
APL301399,22,Self-Employed,33988.35,5790.89,769,96.7,0,1,7,53,0,0.211,17.0,0.6174,1
APL301400,27,Salaried,18067.36,0.0,648,73.5,0,3,6,41,14,0.273,0.0,0.65,0
APL301401,40,Salaried,14134.52,3146.7,800,79.0,0,2,5,70,23,0.354,22.3,0.5138,0
APL301402,40,Salaried,39533.79,9331.31,753,89.3,0,1,5,50,32,0.375,23.6,0.6036,0
APL301403,39,Salaried,37049.2,11969.9,700,69.8,0,2,8,88,37,0.496,32.3,0.6467,1
APL301404,31,Student/Intern,19124.36,0.0,755,85.1,0,1,4,18,16,0.384,0.0,0.6009,1
APL301405,31,Salaried,43899.65,2871.21,682,91.7,0,2,3,48,1,0.422,6.5,0.65,1
APL301406,27,Salaried,14750.32,0.0,619,115.0,0,0,7,23,3,0.011,0.0,0.65,0
APL301407,27,Salaried,18360.42,7342.4,702,72.9,0,2,6,24,9,0.402,40.0,0.65,1
APL301408,21,Salaried,29508.75,0.0,637,93.5,0,1,8,73,7,0.099,0.0,0.65,1
APL301409,40,Salaried,17546.6,0.0,864,63.3,0,0,10,88,8,0.52,0.0,0.3077,0
APL301410,23,Self-Employed,81514.1,0.0,799,66.1,0,0,2,90,0,0.244,0.0,0.3811,0
APL301411,34,Student/Intern,32960.98,3244.89,827,39.9,0,3,7,94,4,0.576,9.8,0.3533,0
APL301412,27,Salaried,81869.25,14137.57,784,68.9,0,2,6,97,0,0.437,17.3,0.4843,0
APL301413,36,Self-Employed,37383.57,14695.29,780,79.7,0,1,4,74,17,0.382,39.3,0.5667,1
APL301414,42,Student/Intern,28877.01,6967.43,746,90.2,0,0,9,96,5,0.332,24.1,0.6026,0
APL301415,25,Self-Employed,36783.82,9489.65,709,95.8,0,4,1,83,4,0.181,25.8,0.65,0
APL301416,32,Salaried,12029.28,0.0,695,86.5,0,0,6,44,15,0.204,0.0,0.65,1
APL301417,38,Salaried,33163.2,9059.07,625,84.9,0,1,5,22,26,0.0,27.3,0.65,1
APL301418,31,Salaried,21887.32,4313.31,704,92.8,0,4,6,88,24,0.226,19.7,0.65,0
APL301419,32,Salaried,23859.73,1554.17,746,98.8,0,2,5,51,8,0.208,6.5,0.65,1
APL301420,30,Gig/Freelance,16285.04,0.0,797,73.2,0,0,6,51,17,0.569,0.0,0.4491,1
APL301421,21,Salaried,61426.82,8082.35,776,92.8,0,1,3,69,9,0.38,13.2,0.5571,0
APL301422,47,Self-Employed,15594.39,0.0,735,84.0,0,2,9,88,28,0.364,0.0,0.6073,1
APL301423,37,Salaried,42720.18,0.0,647,88.6,0,0,7,76,18,0.355,0.0,0.65,0
APL301424,47,Self-Employed,65583.88,17117.64,627,92.8,0,0,1,52,48,0.256,26.1,0.65,1
APL301425,37,Salaried,107839.43,19233.67,735,103.2,0,3,7,23,41,0.41,17.8,0.65,1
APL301426,41,Self-Employed,20540.91,2576.45,689,89.6,0,0,4,22,19,0.152,12.5,0.65,1
APL301427,21,Salaried,20579.49,0.0,653,87.0,0,2,4,47,0,0.185,0.0,0.65,1
APL301428,31,Salaried,29673.34,7642.22,682,117.0,0,0,3,47,5,0.034,25.8,0.65,0
APL301429,28,Salaried,52256.29,12960.11,764,73.4,0,3,5,26,0,0.187,24.8,0.6304,0
APL301430,33,Student/Intern,32874.14,10403.85,629,80.9,0,2,4,51,10,0.195,31.6,0.65,0
APL301431,30,Salaried,17280.83,2396.01,600,92.5,0,3,3,39,31,0.074,13.9,0.65,1
APL301432,38,Self-Employed,48019.66,0.0,788,100.2,0,0,7,66,22,0.352,0.0,0.4976,1
APL301433,32,Salaried,28092.59,0.0,697,70.6,0,3,4,67,18,0.294,0.0,0.65,1
APL301434,38,Self-Employed,30232.95,3476.27,704,60.6,0,0,3,69,8,0.286,11.5,0.6074,0
APL301435,28,Salaried,88659.62,0.0,667,75.9,0,2,5,36,0,0.308,0.0,0.65,0
APL301436,36,Salaried,14380.03,4231.27,803,79.9,0,0,4,58,6,0.331,29.4,0.5064,0
APL301437,33,Salaried,46070.36,0.0,734,85.1,0,2,8,52,3,0.354,0.0,0.611,0
APL301438,32,Self-Employed,34977.09,3915.99,767,88.4,0,2,6,65,23,0.384,11.2,0.5725,0
APL301439,31,Salaried,20209.08,2691.58,767,69.7,0,3,6,106,6,0.355,13.3,0.5504,1
APL301440,21,Salaried,50246.9,0.0,709,53.8,0,1,4,66,1,0.236,0.0,0.5636,1
APL301441,31,Salaried,25120.54,0.0,705,70.5,0,1,6,73,9,0.277,0.0,0.6239,1
APL301442,36,Self-Employed,82142.83,0.0,605,77.8,1,0,5,79,19,0.055,0.0,0.65,1
APL301443,32,Salaried,48201.63,12478.0,816,63.8,0,2,3,42,0,0.655,25.9,0.4705,0
APL301444,46,Salaried,31242.34,7192.5,722,93.6,0,1,2,90,22,0.4,23.0,0.65,1
APL301445,32,Salaried,39461.39,6254.71,717,104.8,0,1,5,67,17,0.294,15.9,0.65,1
APL301446,30,Salaried,33993.76,7399.5,567,81.7,0,1,5,26,15,0.0,21.8,0.65,1
APL301447,40,Self-Employed,19539.39,0.0,754,77.2,0,0,4,88,30,0.415,0.0,0.5184,1
APL301448,38,Salaried,40076.86,0.0,648,52.6,0,3,5,24,24,0.062,0.0,0.65,1
APL301449,21,Salaried,22904.68,0.0,621,36.9,0,0,4,42,21,0.178,0.0,0.65,0
APL301450,34,Salaried,15424.24,7274.29,847,78.9,0,1,6,86,28,0.462,47.2,0.4138,1
APL301451,31,Salaried,35949.75,0.0,828,32.6,0,1,5,77,0,0.579,0.0,0.2975,0
APL301452,31,Self-Employed,17273.24,0.0,701,86.4,0,0,8,36,26,0.274,0.0,0.65,0
APL301453,26,Gig/Freelance,45321.24,11124.44,683,84.5,0,1,2,20,1,0.323,24.5,0.65,1
APL301454,37,Salaried,29316.48,0.0,648,97.1,1,0,2,87,38,0.226,0.0,0.65,1
APL301455,38,Salaried,32592.25,4482.24,770,86.2,0,1,7,59,11,0.359,13.8,0.5641,1
APL301456,33,Salaried,31303.93,8361.32,719,56.6,0,1,1,79,0,0.282,26.7,0.6222,0
APL301457,21,Salaried,61426.82,8082.35,776,92.8,0,1,3,69,9,0.38,13.2,0.5571,0
APL301458,34,Salaried,57250.44,10845.08,612,67.8,0,1,4,57,15,0.195,18.9,0.65,0
APL301459,38,Salaried,81993.86,21747.79,676,80.0,0,1,6,71,20,0.234,26.5,0.65,1
APL301460,29,Self-Employed,64703.4,8458.88,685,71.1,0,0,7,49,13,0.103,13.1,0.65,1
APL301461,31,Self-Employed,22418.96,4222.24,641,98.7,0,3,3,45,10,0.294,18.8,0.65,1
APL301462,33,Salaried,30504.14,912.33,698,73.3,0,3,5,72,15,0.154,3.0,0.65,1
APL301463,29,Salaried,22106.04,3767.37,833,102.4,0,1,2,48,8,0.851,17.0,0.4901,0
APL301464,34,Self-Employed,18464.25,5250.83,730,108.3,0,1,7,62,8,0.444,28.4,0.65,0
APL301465,45,Student/Intern,47732.01,1772.2,703,82.9,0,3,5,26,3,0.255,3.7,0.65,1
APL301466,35,Salaried,22618.62,7135.12,667,94.9,0,1,7,75,17,0.326,31.5,0.65,1
APL301467,35,Student/Intern,21967.15,0.0,762,77.0,0,2,5,80,22,0.42,0.0,0.5405,0
APL301468,25,Salaried,25859.35,5189.02,783,71.8,0,1,4,45,7,0.432,20.1,0.5272,0
APL301469,22,Salaried,25423.34,5142.3,483,99.3,0,2,4,29,0,0.0,20.2,0.65,0
APL301470,41,Salaried,32048.01,0.0,725,88.3,0,1,2,105,23,0.394,0.0,0.6055,1
APL301471,34,Self-Employed,90024.22,24102.21,774,125.8,0,3,3,88,0,0.563,26.8,0.65,1
APL301472,29,Self-Employed,64703.4,8458.88,685,71.1,0,0,7,49,13,0.103,13.1,0.65,1
APL301473,41,Salaried,60217.34,8619.44,722,63.6,0,0,5,68,31,0.427,14.3,0.536,1
APL301474,28,Salaried,26139.27,535.54,858,83.4,0,1,7,100,22,0.592,2.0,0.3503,0
APL301475,23,Salaried,14617.16,0.0,662,52.1,0,2,3,34,5,0.0,0.0,0.65,0
APL301476,24,Self-Employed,32621.09,10270.91,709,99.1,0,3,3,49,12,0.192,31.5,0.65,0
APL301477,37,Self-Employed,33115.71,6690.2,630,86.9,0,2,6,45,21,0.0,20.2,0.65,1
APL301478,21,Salaried,14464.06,5139.53,754,66.6,0,1,6,61,5,0.187,35.5,0.585,1
APL301479,22,Self-Employed,13721.06,1525.22,764,53.6,0,0,3,41,17,0.178,11.1,0.5129,0
APL301480,25,Student/Intern,21017.76,8750.44,639,57.6,0,0,4,79,8,0.053,41.6,0.65,0
APL301481,38,Self-Employed,26808.0,5454.17,715,66.1,0,2,3,72,11,0.226,20.3,0.6489,0
APL301482,22,Salaried,48754.23,13383.78,662,86.7,0,0,7,30,8,0.16,27.5,0.65,1
APL301483,34,Student/Intern,12000.0,0.0,900,85.1,0,1,2,88,8,0.773,0.0,0.318,0
APL301484,34,Salaried,26387.59,0.0,701,103.3,0,0,3,23,0,0.246,0.0,0.65,0
APL301485,34,Student/Intern,29668.33,5480.76,695,82.5,0,4,5,86,7,0.059,18.5,0.65,0
APL301486,36,Self-Employed,32760.39,10806.21,727,86.2,0,2,7,88,20,0.268,33.0,0.65,0
APL301487,40,Salaried,22203.86,3139.11,665,79.7,0,1,6,80,28,0.267,14.1,0.65,0
APL301488,38,Student/Intern,57257.57,14407.8,769,105.4,0,1,6,77,13,0.24,25.2,0.6285,0
APL301489,37,Salaried,39074.4,8311.45,789,83.5,0,3,3,72,16,0.277,21.3,0.5758,0
APL301490,24,Self-Employed,29349.14,3267.84,726,73.0,0,0,7,31,4,0.282,11.1,0.6121,0
APL301491,30,Salaried,20591.73,5048.19,758,67.9,0,2,5,87,0,0.146,24.5,0.5845,1
APL301492,35,Self-Employed,17555.13,7475.28,620,111.4,0,2,2,53,30,0.098,42.6,0.65,1
APL301493,35,Salaried,45806.35,11138.16,775,59.3,0,1,6,70,25,0.398,24.3,0.4863,0
APL301494,36,Student/Intern,33546.41,9882.41,834,58.8,0,1,6,59,4,0.58,29.5,0.3999,0
APL301495,28,Salaried,23247.91,0.0,622,88.7,0,2,4,4,15,0.205,0.0,0.65,0
APL301496,33,Salaried,53042.89,9724.3,553,71.6,0,3,2,25,37,0.0,18.3,0.65,1
APL301497,40,Self-Employed,34306.59,0.0,688,74.7,0,0,4,93,21,0.249,0.0,0.6233,1
APL301498,36,Student/Intern,57188.4,0.0,836,56.8,0,1,2,102,30,0.429,0.0,0.3069,0
APL301499,40,Salaried,78221.76,8190.99,690,80.5,0,3,5,83,26,0.158,10.5,0.65,1
APL301500,28,Student/Intern,20200.84,6376.43,661,71.4,0,0,3,56,0,0.073,31.6,0.65,1
APL301501,29,Salaried,43429.84,10163.4,677,102.0,0,2,4,84,17,0.0,23.4,0.65,0
APL301502,38,Self-Employed,35530.49,13660.2,714,83.1,0,2,4,34,19,0.269,38.4,0.65,1
APL301503,33,Salaried,42114.44,0.0,697,58.2,0,2,10,37,21,0.291,0.0,0.6121,1
APL301504,22,Salaried,25423.34,5142.3,483,99.3,0,2,4,29,0,0.0,20.2,0.65,0
APL301505,36,Salaried,19363.11,3164.65,728,79.2,0,1,4,82,22,0.187,16.3,0.6258,1
APL301506,24,Salaried,70230.17,10449.96,634,100.7,0,5,3,22,7,0.239,14.9,0.65,1
APL301507,34,Student/Intern,27532.49,158.45,834,85.6,0,0,8,54,19,0.419,0.6,0.4112,0
APL301508,31,Student/Intern,57853.59,0.0,687,60.2,0,2,2,45,10,0.287,0.0,0.6331,1
APL301509,39,Salaried,33273.43,7327.53,729,80.4,0,1,5,68,23,0.117,22.0,0.6362,0
APL301510,38,Self-Employed,29973.6,0.0,782,52.4,0,2,2,70,36,0.431,0.0,0.443,1
APL301511,33,Salaried,13192.83,2296.01,623,82.0,0,1,5,16,10,0.413,17.4,0.65,1
APL301512,35,Gig/Freelance,23391.54,1597.75,666,62.8,0,1,4,52,12,0.237,6.8,0.65,0
APL301513,42,Salaried,34641.05,0.0,755,35.0,0,0,1,70,22,0.481,0.0,0.4181,0
APL301514,39,Salaried,17035.73,0.0,683,83.3,1,2,3,88,33,0.008,0.0,0.65,1
APL301515,39,Salaried,36605.07,3498.19,727,91.2,0,1,3,72,3,0.386,9.6,0.6455,1
APL301516,21,Salaried,23542.88,3494.22,675,87.5,0,2,5,29,19,0.182,14.8,0.65,0
APL301517,40,Salaried,22203.86,3139.11,665,79.7,0,1,6,80,28,0.267,14.1,0.65,0
APL301518,30,Salaried,17280.83,2396.01,600,92.5,0,3,3,39,31,0.074,13.9,0.65,1
APL301519,30,Salaried,34976.37,7796.74,797,43.9,0,0,6,51,21,0.636,22.3,0.3854,0
APL301520,31,Salaried,119358.21,21995.2,753,98.6,0,0,3,56,21,0.418,18.4,0.5856,0
APL301521,37,Salaried,40737.82,15623.85,653,87.2,0,3,7,57,30,0.286,38.4,0.65,1
APL301522,38,Student/Intern,35675.73,4827.68,713,63.1,0,4,4,46,12,0.257,13.5,0.65,1
APL301523,31,Salaried,24315.68,0.0,759,86.3,0,3,5,85,18,0.138,0.0,0.6037,1
APL301524,47,Salaried,60239.76,8882.53,710,67.0,1,4,7,95,39,0.448,14.7,0.65,0
APL301525,30,Self-Employed,45370.34,0.0,711,65.8,0,0,4,52,6,0.354,0.0,0.573,0
APL301526,21,Student/Intern,23567.16,0.0,687,74.3,0,3,6,79,8,0.249,0.0,0.65,0
APL301527,26,Self-Employed,14254.56,0.0,694,89.3,0,1,7,89,19,0.345,0.0,0.65,0
APL301528,32,Student/Intern,26709.52,0.0,592,87.9,0,1,3,57,3,0.0,0.0,0.65,0
APL301529,40,Salaried,17842.82,0.0,566,99.6,0,3,0,61,27,0.0,0.0,0.65,0
APL301530,34,Self-Employed,18464.25,5250.83,730,108.3,0,1,7,62,8,0.444,28.4,0.65,0
APL301531,32,Salaried,21698.95,0.0,832,85.4,0,1,3,39,18,0.384,0.0,0.4582,0
APL301532,38,Self-Employed,24759.79,3141.75,642,93.1,0,2,5,63,25,0.237,12.7,0.65,0
APL301533,40,Self-Employed,14316.63,0.0,550,101.6,0,4,1,58,37,0.021,0.0,0.65,0
APL301534,29,Salaried,26122.95,9199.27,736,102.8,0,1,4,70,4,0.516,35.2,0.65,1
APL301535,27,Salaried,14750.32,0.0,619,115.0,0,0,7,23,3,0.011,0.0,0.65,0
APL301536,26,Salaried,84601.27,0.0,620,65.2,0,3,4,47,0,0.0,0.0,0.65,1
APL301537,25,Salaried,103966.6,18310.89,681,87.6,0,1,5,41,0,0.458,17.6,0.65,0
APL301538,24,Salaried,27840.05,2020.85,769,66.2,1,4,6,55,22,0.346,7.3,0.65,0
APL301539,32,Salaried,12000.0,0.0,693,88.6,0,1,4,72,3,0.013,0.0,0.65,0
APL301540,31,Salaried,14547.59,3365.19,701,63.1,0,0,5,53,6,0.31,23.1,0.634,0
APL301541,31,Gig/Freelance,38675.23,4694.36,754,76.2,0,2,3,82,15,0.38,12.1,0.5719,1
APL301542,26,Gig/Freelance,12000.0,2679.78,630,77.5,0,1,7,39,3,0.036,22.3,0.65,1
APL301543,38,Self-Employed,30650.33,4698.53,666,82.1,0,6,1,32,20,0.244,15.3,0.65,1
APL301544,37,Salaried,14880.7,0.0,689,73.0,0,2,8,104,34,0.212,0.0,0.65,0
APL301545,37,Salaried,36730.52,0.0,661,74.1,0,0,5,83,2,0.272,0.0,0.65,1
APL301546,39,Self-Employed,33151.41,0.0,672,78.5,0,0,5,79,36,0.04,0.0,0.65,1
APL301547,31,Salaried,35949.75,0.0,828,32.6,0,1,5,77,0,0.579,0.0,0.2975,0
APL301548,38,Salaried,15539.81,9223.27,675,88.7,0,3,5,75,20,0.257,59.4,0.65,1
APL301549,31,Self-Employed,35526.99,4031.96,647,85.7,0,4,3,50,29,0.214,11.3,0.65,0
APL301550,41,Salaried,34164.27,9217.56,807,65.2,0,0,6,84,24,0.54,27.0,0.4164,0
APL301551,21,Salaried,61426.82,8082.35,776,92.8,0,1,3,69,9,0.38,13.2,0.5571,0
APL301552,24,Salaried,27840.05,2020.85,769,66.2,1,4,6,55,22,0.346,7.3,0.65,0
APL301553,34,Salaried,44425.4,6735.54,579,110.5,0,1,8,27,27,0.0,15.2,0.65,1
APL301554,28,Gig/Freelance,63458.0,0.0,712,79.7,0,1,6,26,5,0.236,0.0,0.6168,0
APL301555,26,Gig/Freelance,34976.52,4079.23,631,83.6,0,0,4,22,9,0.044,11.7,0.65,0
APL301556,32,Salaried,15599.58,0.0,668,102.2,0,4,5,87,15,0.081,0.0,0.65,1
APL301557,31,Self-Employed,17273.24,0.0,701,86.4,0,0,8,36,26,0.274,0.0,0.65,0
APL301558,42,Salaried,19325.33,3290.59,636,67.6,0,1,3,38,30,0.179,17.0,0.65,1
APL301559,26,Student/Intern,16930.41,0.0,886,58.6,0,0,3,102,6,0.436,0.0,0.2758,0
APL301560,43,Self-Employed,105699.14,24417.13,711,98.9,0,1,6,76,12,0.274,23.1,0.65,0
APL301561,37,Salaried,40552.72,0.0,805,88.6,0,1,2,85,0,0.506,0.0,0.4761,1
APL301562,28,Salaried,28705.78,0.0,671,90.4,0,3,6,47,4,0.169,0.0,0.65,1
APL301563,40,Self-Employed,19539.39,0.0,754,77.2,0,0,4,88,30,0.415,0.0,0.5184,1
APL301564,32,Salaried,12000.0,0.0,866,64.9,0,0,3,106,3,0.65,0.0,0.3098,0
APL301565,40,Self-Employed,48577.16,0.0,741,72.4,0,1,4,73,21,0.505,0.0,0.5179,0
APL301566,36,Salaried,31586.08,6813.72,715,69.9,0,2,2,45,8,0.465,21.6,0.65,1
APL301567,25,Student/Intern,21017.76,8750.44,639,57.6,0,0,4,79,8,0.053,41.6,0.65,0
APL301568,47,Student/Intern,35224.93,0.0,699,77.6,0,1,3,69,23,0.215,0.0,0.6441,1
APL301569,32,Salaried,70662.13,12121.38,772,83.2,0,4,5,77,32,0.646,17.2,0.5502,0
APL301570,30,Self-Employed,42346.91,3515.52,729,77.3,0,3,3,83,0,0.472,8.3,0.6269,1
APL301571,21,Salaried,25485.16,0.0,725,70.6,0,1,2,41,0,0.395,0.0,0.618,1
APL301572,31,Salaried,93915.02,15727.45,748,97.7,0,1,8,46,18,0.139,16.7,0.6263,0
APL301573,35,Salaried,24765.49,6146.9,774,54.1,0,0,6,36,15,0.338,24.8,0.4879,0
APL301574,31,Salaried,14547.59,3365.19,701,63.1,0,0,5,53,6,0.31,23.1,0.634,0
APL301575,36,Self-Employed,32760.39,10806.21,727,86.2,0,2,7,88,20,0.268,33.0,0.65,0
APL301576,32,Salaried,14524.18,4391.53,683,90.5,0,0,5,44,10,0.158,30.2,0.65,1
APL301577,30,Salaried,18215.61,2807.05,655,97.8,0,2,2,76,18,0.511,15.4,0.65,1
APL301578,39,Salaried,35590.32,12447.31,679,80.5,0,4,5,35,37,0.398,35.0,0.65,1
APL301579,30,Salaried,16620.82,12052.77,701,90.4,0,1,5,94,0,0.39,72.5,0.65,1
APL301580,37,Salaried,14880.7,0.0,689,73.0,0,2,8,104,34,0.212,0.0,0.65,0
APL301581,28,Salaried,37151.37,10029.45,679,91.7,0,2,5,98,4,0.277,27.0,0.65,1
APL301582,36,Salaried,19363.11,3164.65,728,79.2,0,1,4,82,22,0.187,16.3,0.6258,1
APL301583,40,Salaried,52087.12,0.0,770,53.9,0,1,3,69,34,0.544,0.0,0.4118,0
APL301584,44,Salaried,42376.87,7616.71,839,83.0,0,1,3,81,32,0.657,18.0,0.4014,0
APL301585,29,Salaried,46704.53,3165.16,736,94.4,0,1,4,98,19,0.497,6.8,0.5885,1
APL301586,25,Salaried,58860.61,11083.41,764,94.3,0,3,9,35,6,0.113,18.8,0.65,1
APL301587,50,Salaried,24592.32,4250.64,737,78.3,0,1,5,83,41,0.471,17.3,0.568,0
APL301588,31,Self-Employed,32532.16,0.0,679,121.9,0,3,6,19,17,0.101,0.0,0.65,1
APL301589,29,Gig/Freelance,38051.56,0.0,705,106.4,0,2,2,87,7,0.42,0.0,0.65,1
APL301590,32,Salaried,15599.58,0.0,668,102.2,0,4,5,87,15,0.081,0.0,0.65,1
APL301591,28,Student/Intern,64851.1,4136.27,827,74.9,1,1,4,86,11,0.423,6.4,0.5435,0
APL301592,41,Self-Employed,37175.24,2341.59,599,97.2,0,5,6,38,19,0.0,6.3,0.65,1
APL301593,24,Salaried,52219.46,7733.81,618,133.4,0,0,6,34,16,0.0,14.8,0.65,0
APL301594,38,Salaried,12718.49,9789.13,689,80.7,0,1,5,54,30,0.242,77.0,0.65,1
APL301595,22,Salaried,24286.08,0.0,679,54.3,0,5,7,16,16,0.203,0.0,0.65,1
APL301596,35,Salaried,41532.15,1420.72,714,75.1,0,2,5,90,15,0.364,3.4,0.6053,1
APL301597,28,Gig/Freelance,12283.91,3779.15,730,84.7,0,1,5,75,0,0.375,30.8,0.6472,1
APL301598,32,Salaried,15723.17,0.0,532,106.4,0,3,5,36,14,0.0,0.0,0.65,0
APL301599,39,Salaried,17035.73,0.0,683,83.3,1,2,3,88,33,0.008,0.0,0.65,1
APL301600,24,Self-Employed,24794.51,2048.75,784,48.8,0,1,2,73,15,0.323,8.3,0.4519,0
APL301601,34,Salaried,26387.59,0.0,701,103.3,0,0,3,23,0,0.246,0.0,0.65,0
APL301602,30,Salaried,26321.59,0.0,721,85.1,0,2,6,67,8,0.49,0.0,0.6354,1
APL301603,26,Salaried,16218.83,0.0,603,69.2,0,3,6,70,4,0.0,0.0,0.65,0
APL301604,36,Salaried,24833.35,8792.46,786,105.7,0,2,8,83,29,0.507,35.4,0.5962,0
APL301605,21,Salaried,33723.43,0.0,627,77.8,0,1,4,35,0,0.168,0.0,0.65,1
APL301606,37,Salaried,42720.18,0.0,647,88.6,0,0,7,76,18,0.355,0.0,0.65,0
APL301607,26,Salaried,38842.98,5066.96,618,108.8,0,3,2,59,7,0.0,13.0,0.65,1
APL301608,26,Self-Employed,29400.24,0.0,643,92.4,0,1,6,67,10,0.161,0.0,0.65,1
APL301609,33,Salaried,58574.94,0.0,788,94.7,0,0,4,81,9,0.468,0.0,0.4692,0
APL301610,36,Salaried,15622.26,0.0,719,82.7,0,1,6,69,16,0.393,0.0,0.6295,0
APL301611,34,Salaried,55322.65,8500.12,804,90.4,0,1,7,66,7,0.565,15.4,0.4912,0
APL301612,35,Student/Intern,12000.0,0.0,842,94.5,0,1,5,154,12,0.511,0.0,0.4041,1
APL301613,22,Salaried,45697.3,0.0,623,76.3,0,8,9,20,18,0.229,0.0,0.65,1
APL301614,35,Salaried,29230.2,0.0,738,59.8,0,1,4,82,25,0.322,0.0,0.522,0
APL301615,25,Self-Employed,72562.32,10288.18,728,104.2,0,0,4,72,1,0.283,14.2,0.65,1
APL301616,26,Salaried,187711.28,33160.64,796,112.5,0,0,11,103,7,0.538,17.7,0.4843,1
APL301617,21,Salaried,23542.88,3494.22,675,87.5,0,2,5,29,19,0.182,14.8,0.65,0
APL301618,39,Salaried,12000.0,1164.51,594,80.9,0,1,3,51,41,0.137,9.7,0.65,1
APL301619,36,Self-Employed,32760.39,10806.21,727,86.2,0,2,7,88,20,0.268,33.0,0.65,0
APL301620,31,Salaried,17471.96,0.0,747,94.6,0,0,6,90,27,0.229,0.0,0.5861,1
APL301621,30,Student/Intern,19314.04,6730.11,668,112.9,0,3,7,95,7,0.066,34.8,0.65,1
APL301622,33,Salaried,53042.89,9724.3,553,71.6,0,3,2,25,37,0.0,18.3,0.65,1
APL301623,26,Salaried,41281.36,17578.71,808,118.9,0,0,8,49,0,0.547,42.6,0.614,1
APL301624,29,Salaried,26122.95,9199.27,736,102.8,0,1,4,70,4,0.516,35.2,0.65,1
APL301625,28,Student/Intern,20200.84,6376.43,661,71.4,0,0,3,56,0,0.073,31.6,0.65,1
APL301626,36,Salaried,36855.52,10446.8,766,52.9,0,1,1,104,24,0.392,28.3,0.498,1
APL301627,48,Self-Employed,46885.47,0.0,724,66.3,0,1,4,63,34,0.439,0.0,0.5347,1
APL301628,25,Salaried,12285.4,1175.38,664,65.8,0,0,5,86,4,0.0,9.6,0.65,0
APL301629,25,Salaried,41992.14,11345.04,655,75.2,0,0,3,51,14,0.14,27.0,0.65,1
APL301630,40,Salaried,22203.86,3139.11,665,79.7,0,1,6,80,28,0.267,14.1,0.65,0
APL301631,31,Salaried,119358.21,21995.2,753,98.6,0,0,3,56,21,0.418,18.4,0.5856,0
APL301632,28,Salaried,28919.31,11250.68,723,64.1,0,3,5,52,17,0.343,38.9,0.65,1
APL301633,43,Salaried,28690.87,3490.3,848,77.6,0,2,7,116,46,0.355,12.2,0.3724,0
APL301634,25,Salaried,23313.09,2970.39,723,70.9,0,1,9,53,14,0.337,12.7,0.613,1
APL301635,37,Self-Employed,63992.5,0.0,836,72.8,0,0,5,93,14,0.747,0.0,0.2998,0
APL301636,40,Salaried,16946.44,7180.56,573,100.2,0,3,4,84,37,0.0,42.4,0.65,0
APL301637,23,Self-Employed,35871.54,2168.88,772,75.6,0,3,3,59,0,0.454,6.0,0.5646,0
APL301638,37,Gig/Freelance,43084.5,0.0,775,76.4,0,0,6,87,18,0.481,0.0,0.45,1
APL301639,36,Salaried,22800.49,0.0,661,93.2,0,5,6,64,28,0.159,0.0,0.65,1
APL301640,28,Self-Employed,16055.47,0.0,795,48.6,0,1,7,68,10,0.337,0.0,0.4235,0
APL301641,37,Gig/Freelance,17404.28,0.0,689,75.5,0,0,4,92,19,0.357,0.0,0.6376,1
APL301642,28,Gig/Freelance,33810.65,0.0,672,117.0,0,1,6,19,4,0.28,0.0,0.65,1
APL301643,21,Salaried,29508.75,0.0,637,93.5,0,1,8,73,7,0.099,0.0,0.65,1
APL301644,40,Self-Employed,16368.7,0.0,745,98.5,0,2,5,44,20,0.433,0.0,0.6453,0
APL301645,24,Salaried,40891.04,7169.93,690,125.0,0,5,6,16,0,0.047,17.5,0.65,1
APL301646,25,Salaried,44628.75,9722.67,754,66.8,0,0,3,90,0,0.128,21.8,0.5575,1
APL301647,34,Salaried,26387.59,0.0,701,103.3,0,0,3,23,0,0.246,0.0,0.65,0
APL301648,30,Salaried,26321.59,0.0,721,85.1,0,2,6,67,8,0.49,0.0,0.6354,1
APL301649,32,Salaried,14524.18,4391.53,683,90.5,0,0,5,44,10,0.158,30.2,0.65,1
APL301650,34,Student/Intern,35130.24,5141.32,602,56.1,0,1,6,68,12,0.138,14.6,0.65,0
APL301651,40,Salaried,23130.8,0.0,770,71.8,0,3,3,86,26,0.363,0.0,0.5378,0
APL301652,29,Self-Employed,29870.16,0.0,796,73.0,0,3,0,71,8,0.537,0.0,0.5099,0
APL301653,27,Salaried,56564.69,0.0,698,78.8,0,3,8,64,12,0.188,0.0,0.65,1
APL301654,48,Salaried,19825.58,4326.87,702,86.1,0,2,6,96,47,0.224,21.8,0.65,0
APL301655,32,Gig/Freelance,45178.02,0.0,759,55.3,0,1,8,119,15,0.33,0.0,0.4379,1
APL301656,38,Salaried,32592.25,4482.24,770,86.2,0,1,7,59,11,0.359,13.8,0.5641,1
APL301657,32,Salaried,25449.33,1390.76,757,90.3,0,2,8,91,31,0.367,5.5,0.5763,1
APL301658,25,Salaried,62316.82,0.0,625,101.1,0,2,2,39,2,0.242,0.0,0.65,0
APL301659,32,Salaried,50351.86,8896.11,725,100.0,0,1,3,56,28,0.322,17.7,0.65,1
APL301660,28,Salaried,36111.5,2000.78,737,78.2,1,2,4,52,8,0.352,5.5,0.65,1
APL301661,27,Salaried,16424.75,6129.05,728,86.6,0,1,7,63,0,0.194,37.3,0.65,1
APL301662,47,Salaried,43502.33,9490.57,823,81.3,0,1,4,101,26,0.463,21.8,0.4362,0
APL301663,39,Self-Employed,152522.78,0.0,811,62.3,1,1,4,84,28,0.636,0.0,0.3843,0
APL301664,35,Self-Employed,43442.43,5410.08,678,61.5,0,1,8,77,7,0.231,12.5,0.65,1
APL301665,31,Salaried,37831.38,9576.25,619,79.4,0,1,4,35,11,0.128,25.3,0.65,0
APL301666,31,Salaried,35204.84,2731.49,657,77.7,0,1,2,11,19,0.194,7.8,0.65,1
APL301667,34,Gig/Freelance,13624.56,6593.39,571,93.1,0,1,3,14,2,0.0,48.4,0.65,0
APL301668,31,Self-Employed,28121.69,4576.53,723,85.0,1,1,4,33,26,0.376,16.3,0.65,1
APL301669,24,Gig/Freelance,26782.43,0.0,619,49.6,0,3,6,21,0,0.101,0.0,0.65,1
APL301670,34,Salaried,57250.44,10845.08,612,67.8,0,1,4,57,15,0.195,18.9,0.65,0
APL301671,22,Salaried,31262.25,6454.3,651,87.9,0,3,10,18,14,0.0,20.6,0.65,0
APL301672,40,Self-Employed,34306.59,0.0,688,74.7,0,0,4,93,21,0.249,0.0,0.6233,1
APL301673,45,Gig/Freelance,25382.81,11231.98,728,99.8,0,2,4,116,14,0.202,44.3,0.65,0
APL301674,25,Salaried,12000.0,3965.07,722,58.8,0,2,5,91,0,0.276,33.0,0.6169,1
APL301675,25,Salaried,41992.14,11345.04,655,75.2,0,0,3,51,14,0.14,27.0,0.65,1
APL301676,32,Salaried,35004.17,4140.11,693,79.4,0,2,4,89,19,0.2,11.8,0.65,1
APL301677,31,Self-Employed,35526.99,4031.96,647,85.7,0,4,3,50,29,0.214,11.3,0.65,0
APL301678,30,Self-Employed,45370.34,0.0,711,65.8,0,0,4,52,6,0.354,0.0,0.573,0
APL301679,31,Salaried,14547.59,3365.19,701,63.1,0,0,5,53,6,0.31,23.1,0.634,0
APL301680,26,Salaried,38842.98,5066.96,618,108.8,0,3,2,59,7,0.0,13.0,0.65,1
APL301681,35,Salaried,56759.87,0.0,604,124.4,0,4,5,35,12,0.0,0.0,0.65,1
APL301682,27,Salaried,20139.1,11196.85,672,96.7,0,2,4,36,9,0.101,55.6,0.65,0
APL301683,31,Self-Employed,48154.61,14064.44,713,85.4,0,3,3,54,31,0.246,29.2,0.65,1
APL301684,24,Self-Employed,24794.51,2048.75,784,48.8,0,1,2,73,15,0.323,8.3,0.4519,0
APL301685,47,Salaried,43502.33,9490.57,823,81.3,0,1,4,101,26,0.463,21.8,0.4362,0
APL301686,25,Salaried,40049.45,10202.25,594,121.1,0,2,3,51,0,0.012,25.5,0.65,1
APL301687,34,Salaried,28465.98,0.0,729,76.6,0,5,7,40,3,0.396,0.0,0.65,1
APL301688,27,Salaried,14750.32,0.0,619,115.0,0,0,7,23,3,0.011,0.0,0.65,0
APL301689,22,Salaried,24286.08,0.0,679,54.3,0,5,7,16,16,0.203,0.0,0.65,1
APL301690,30,Self-Employed,35041.05,11799.37,672,95.0,0,3,3,28,15,0.107,33.7,0.65,1
APL301691,39,Salaried,21505.54,1878.73,601,73.2,0,2,8,30,23,0.151,8.7,0.65,0
APL301692,30,Salaried,34976.37,7796.74,797,43.9,0,0,6,51,21,0.636,22.3,0.3854,0
APL301693,26,Salaried,12000.0,0.0,662,76.2,0,3,4,44,3,0.187,0.0,0.65,1
APL301694,24,Self-Employed,24794.51,2048.75,784,48.8,0,1,2,73,15,0.323,8.3,0.4519,0
APL301695,21,Salaried,24069.58,11694.25,724,76.8,0,3,4,57,7,0.401,48.6,0.65,1
APL301696,36,Salaried,21853.27,0.0,789,77.0,0,2,6,79,18,0.446,0.0,0.495,0
APL301697,29,Self-Employed,15752.47,0.0,774,78.8,0,0,6,56,20,0.43,0.0,0.5096,1
APL301698,27,Salaried,81869.25,14137.57,784,68.9,0,2,6,97,0,0.437,17.3,0.4843,0
APL301699,32,Salaried,24171.97,1351.16,796,85.4,0,2,6,31,0,0.319,5.6,0.5544,1
APL301700,33,Salaried,34039.88,9055.6,631,92.6,0,1,5,78,7,0.138,26.6,0.65,1
APL301701,27,Salaried,17511.74,0.0,782,82.1,0,0,7,60,20,0.292,0.0,0.51,0
APL301702,40,Salaried,33919.21,499.85,795,75.4,0,0,13,103,38,0.528,1.5,0.4011,0
APL301703,29,Salaried,44402.1,1742.29,663,80.5,0,1,3,45,14,0.11,3.9,0.65,0
APL301704,34,Salaried,33684.73,6360.75,603,138.4,0,4,3,87,47,0.163,18.9,0.65,1
APL301705,22,Gig/Freelance,34875.53,0.0,736,83.6,0,1,2,18,3,0.32,0.0,0.6334,0
APL301706,30,Salaried,21009.06,11142.09,738,77.8,0,2,5,80,8,0.44,53.0,0.6461,0
APL301707,30,Self-Employed,42346.91,3515.52,729,77.3,0,3,3,83,0,0.472,8.3,0.6269,1
APL301708,43,Salaried,28690.87,3490.3,848,77.6,0,2,7,116,46,0.355,12.2,0.3724,0
APL301709,32,Gig/Freelance,19596.14,0.0,627,112.3,0,0,5,30,10,0.0,0.0,0.65,0
APL301710,33,Salaried,58574.94,0.0,788,94.7,0,0,4,81,9,0.468,0.0,0.4692,0
APL301711,33,Self-Employed,26227.7,0.0,791,86.8,0,1,2,47,22,0.641,0.0,0.5064,1
APL301712,30,Salaried,15326.75,0.0,716,83.7,0,0,3,60,8,0.082,0.0,0.65,0
APL301713,24,Student/Intern,25591.64,3310.69,731,71.6,0,7,5,54,10,0.437,12.9,0.65,0
APL301714,33,Self-Employed,24716.06,8211.15,667,79.7,0,0,6,44,26,0.379,33.2,0.65,1
APL301715,22,Self-Employed,14231.75,2126.8,791,53.6,0,0,5,69,0,0.574,14.9,0.4276,0
APL301716,31,Salaried,35204.84,2731.49,657,77.7,0,1,2,11,19,0.194,7.8,0.65,1
APL301717,36,Salaried,20721.98,6406.7,748,65.2,0,0,10,56,25,0.53,30.9,0.5356,0
APL301718,31,Self-Employed,29015.99,0.0,707,81.3,0,2,3,58,4,0.413,0.0,0.65,0
APL301719,21,Gig/Freelance,27154.66,5690.65,645,98.1,0,0,2,59,8,0.409,21.0,0.65,1
APL301720,44,Salaried,31872.16,9268.93,708,105.1,0,2,5,71,34,0.227,29.1,0.65,1
APL301721,33,Salaried,40506.76,0.0,628,140.7,0,2,3,53,27,0.154,0.0,0.65,1
APL301722,31,Salaried,31851.48,6089.78,574,136.6,0,3,6,32,11,0.0,19.1,0.65,1
APL301723,26,Salaried,20290.51,10408.17,657,61.8,0,0,6,44,13,0.161,51.3,0.65,1
APL301724,32,Salaried,16535.0,0.0,749,93.8,0,3,7,54,13,0.412,0.0,0.6456,1
APL301725,35,Salaried,14946.15,0.0,704,71.3,0,1,3,37,18,0.292,0.0,0.65,1
APL301726,28,Salaried,37335.34,0.0,722,77.8,0,0,4,100,0,0.277,0.0,0.5799,1
APL301727,24,Self-Employed,35051.91,5220.16,786,66.6,0,1,5,77,0,0.589,14.9,0.4701,0
APL301728,41,Salaried,62859.81,11363.7,751,93.4,0,0,4,84,32,0.391,18.1,0.5687,1
APL301729,27,Gig/Freelance,33368.4,0.0,583,99.4,0,4,6,76,2,0.15,0.0,0.65,0
APL301730,44,Self-Employed,29586.61,9337.25,786,80.2,0,0,7,79,32,0.434,31.6,0.5007,1
APL301731,34,Self-Employed,36134.41,0.0,762,87.1,0,0,3,92,18,0.761,0.0,0.4945,0
APL301732,28,Self-Employed,22025.69,0.0,763,93.8,0,3,5,47,0,0.184,0.0,0.6447,0
APL301733,24,Self-Employed,35051.91,5220.16,786,66.6,0,1,5,77,0,0.589,14.9,0.4701,0
APL301734,33,Salaried,93442.73,26403.87,759,49.5,0,0,8,40,25,0.462,28.3,0.4993,0
APL301735,35,Salaried,29230.2,0.0,738,59.8,0,1,4,82,25,0.322,0.0,0.522,0
APL301736,24,Self-Employed,52639.82,0.0,667,109.4,0,1,6,1,1,0.261,0.0,0.65,1
APL301737,25,Salaried,22666.33,0.0,774,56.3,0,0,3,26,6,0.447,0.0,0.4789,0
APL301738,23,Salaried,18097.0,2586.65,727,88.1,0,1,5,59,0,0.158,14.3,0.65,1
APL301739,32,Salaried,28092.59,0.0,697,70.6,0,3,4,67,18,0.294,0.0,0.65,1
APL301740,34,Salaried,55038.11,0.0,665,83.9,1,1,2,40,22,0.381,0.0,0.65,1
APL301741,42,Self-Employed,38883.33,12598.61,723,82.1,0,0,6,78,28,0.22,32.4,0.6363,1
APL301742,37,Salaried,22397.08,3389.37,776,71.9,0,4,7,58,28,0.527,15.1,0.553,1
APL301743,26,Salaried,72993.86,0.0,696,77.0,0,0,5,58,17,0.25,0.0,0.584,1
APL301744,38,Self-Employed,35530.49,13660.2,714,83.1,0,2,4,34,19,0.269,38.4,0.65,1
APL301745,21,Salaried,12021.49,3875.07,689,78.1,0,1,2,83,6,0.123,32.2,0.65,1
APL301746,25,Salaried,103966.6,18310.89,681,87.6,0,1,5,41,0,0.458,17.6,0.65,0
APL301747,25,Salaried,34412.97,944.21,585,76.2,0,4,7,15,1,0.061,2.7,0.65,1
APL301748,26,Gig/Freelance,45321.24,11124.44,683,84.5,0,1,2,20,1,0.323,24.5,0.65,1
APL301749,39,Salaried,47474.59,0.0,775,80.0,0,3,3,74,27,0.383,0.0,0.5229,1
APL301750,25,Salaried,26576.68,3115.91,669,94.5,0,2,5,73,0,0.314,11.7,0.65,1
APL301751,36,Salaried,41431.26,8714.9,624,97.9,0,0,2,65,40,0.142,21.0,0.65,1
APL301752,24,Salaried,35627.38,5506.1,784,104.2,0,3,10,76,0,0.419,15.5,0.6145,1
APL301753,40,Salaried,26735.25,6017.15,806,62.6,0,0,2,96,30,0.711,22.5,0.3973,1
APL301754,49,Salaried,22024.09,0.0,747,36.3,0,0,4,61,60,0.403,0.0,0.418,1
APL301755,26,Salaried,57297.15,16488.17,811,75.4,0,0,7,77,4,0.523,28.8,0.4614,0
APL301756,26,Salaried,22590.35,0.0,676,90.0,0,1,5,68,0,0.142,0.0,0.65,1
APL301757,27,Self-Employed,23469.84,8254.02,713,106.5,0,0,6,77,18,0.344,35.2,0.65,1
APL301758,31,Self-Employed,32532.16,0.0,679,121.9,0,3,6,19,17,0.101,0.0,0.65,1
APL301759,37,Salaried,40552.72,0.0,805,88.6,0,1,2,85,0,0.506,0.0,0.4761,1
APL301760,21,Self-Employed,31996.75,0.0,854,60.6,0,0,4,119,13,0.334,0.0,0.3013,0
APL301761,35,Salaried,37146.46,4454.26,762,69.9,0,2,3,46,8,0.193,12.0,0.5799,0
APL301762,28,Salaried,20843.26,7489.49,771,99.4,0,1,4,61,15,0.184,35.9,0.6361,1
APL301763,28,Salaried,17107.32,0.0,644,105.0,0,2,4,1,19,0.0,0.0,0.65,1
APL301764,28,Salaried,30111.37,0.0,693,44.0,0,2,8,65,6,0.102,0.0,0.6101,0
APL301765,31,Salaried,53573.94,5817.35,668,85.1,0,0,2,5,7,0.319,10.9,0.65,1
APL301766,25,Salaried,58860.61,11083.41,764,94.3,0,3,9,35,6,0.113,18.8,0.65,1
APL301767,27,Student/Intern,29341.2,3665.61,736,78.8,0,2,3,77,1,0.408,12.5,0.6251,0
APL301768,29,Salaried,33516.74,0.0,773,73.4,0,0,2,41,29,0.392,0.0,0.4942,0
APL301769,34,Salaried,57250.44,10845.08,612,67.8,0,1,4,57,15,0.195,18.9,0.65,0
APL301770,37,Salaried,29316.48,0.0,648,97.1,1,0,2,87,38,0.226,0.0,0.65,1
APL301771,28,Gig/Freelance,18734.75,2928.25,697,61.7,0,0,4,87,12,0.223,15.6,0.621,1
APL301772,31,Salaried,20213.68,4880.34,605,72.1,0,2,8,24,10,0.119,24.1,0.65,1
APL301773,35,Student/Intern,53651.74,0.0,569,101.7,0,2,4,75,12,0.0,0.0,0.65,1
APL301774,32,Salaried,22209.33,5177.6,798,55.9,0,1,5,20,16,0.386,23.3,0.47,1
APL301775,41,Salaried,30467.13,4617.83,695,84.7,0,1,6,61,31,0.621,15.2,0.65,1
APL301776,37,Self-Employed,51405.9,8235.18,630,74.5,0,2,2,72,38,0.026,16.0,0.65,1
APL301777,28,Student/Intern,25510.01,0.0,745,78.0,0,2,5,56,8,0.318,0.0,0.5973,1
APL301778,38,Salaried,132713.18,28458.14,754,83.3,0,1,4,95,47,0.24,21.4,0.5487,1
APL301779,32,Student/Intern,50506.02,5152.71,718,100.6,0,0,4,55,10,0.251,10.2,0.65,1
APL301780,36,Salaried,59903.23,0.0,758,78.7,0,1,5,73,25,0.454,0.0,0.4856,1
APL301781,30,Salaried,26321.59,0.0,721,85.1,0,2,6,67,8,0.49,0.0,0.6354,1
APL301782,26,Gig/Freelance,12000.0,2679.78,630,77.5,0,1,7,39,3,0.036,22.3,0.65,1
APL301783,32,Gig/Freelance,12029.13,5411.11,616,116.9,0,2,6,53,14,0.0,45.0,0.65,1
APL301784,24,Gig/Freelance,29760.93,0.0,670,67.2,1,1,6,45,1,0.133,0.0,0.65,1
APL301785,31,Self-Employed,85744.31,17543.98,673,100.2,0,0,4,63,16,0.147,20.5,0.65,0
APL301786,31,Self-Employed,41281.88,0.0,588,111.9,1,0,3,74,35,0.058,0.0,0.65,0
APL301787,30,Salaried,17280.83,2396.01,600,92.5,0,3,3,39,31,0.074,13.9,0.65,1
APL301788,33,Salaried,53665.86,0.0,620,92.4,0,3,6,16,23,0.26,0.0,0.65,1
APL301789,39,Self-Employed,152522.78,0.0,811,62.3,1,1,4,84,28,0.636,0.0,0.3843,0
APL301790,36,Student/Intern,33546.41,9882.41,834,58.8,0,1,6,59,4,0.58,29.5,0.3999,0
APL301791,35,Self-Employed,17256.73,0.0,763,85.5,0,1,4,99,12,0.401,0.0,0.5527,0
APL301792,31,Gig/Freelance,38675.23,4694.36,754,76.2,0,2,3,82,15,0.38,12.1,0.5719,1
APL301793,26,Self-Employed,29400.24,0.0,643,92.4,0,1,6,67,10,0.161,0.0,0.65,1
APL301794,37,Salaried,40552.72,0.0,805,88.6,0,1,2,85,0,0.506,0.0,0.4761,1
APL301795,31,Salaried,24721.43,12997.33,719,92.8,0,1,5,23,20,0.501,52.6,0.65,1
APL301796,25,Self-Employed,23200.14,0.0,601,91.1,0,2,5,33,0,0.11,0.0,0.65,0
APL301797,38,Salaried,81993.86,21747.79,676,80.0,0,1,6,71,20,0.234,26.5,0.65,1
APL301798,28,Salaried,12000.0,6874.08,699,68.7,0,1,7,78,2,0.308,57.3,0.65,0
APL301799,27,Salaried,16509.76,12900.17,604,96.6,0,2,5,47,0,0.0,78.1,0.65,1
APL301800,28,Self-Employed,25578.2,0.0,693,101.3,0,1,5,39,2,0.183,0.0,0.65,1
APL301801,24,Gig/Freelance,56405.57,10777.11,588,105.5,0,2,3,53,20,0.002,19.1,0.65,0
APL301802,22,Self-Employed,12000.0,4590.68,719,57.1,0,1,8,36,0,0.016,38.3,0.6482,1
APL301803,21,Self-Employed,18549.56,4518.72,717,80.8,0,1,6,34,0,0.444,24.4,0.65,1
APL301804,29,Salaried,85418.84,0.0,740,46.3,0,1,3,49,24,0.238,0.0,0.4434,0
APL301805,28,Student/Intern,51606.07,8888.28,773,44.5,0,2,4,67,0,0.361,17.2,0.4799,1
APL301806,39,Self-Employed,152522.78,0.0,811,62.3,1,1,4,84,28,0.636,0.0,0.3843,0
APL301807,39,Salaried,47474.59,0.0,775,80.0,0,3,3,74,27,0.383,0.0,0.5229,1
APL301808,32,Self-Employed,12000.0,7805.14,661,79.7,0,2,8,6,0,0.228,65.0,0.65,0
APL301809,21,Salaried,16945.69,0.0,762,69.3,0,1,7,26,1,0.307,0.0,0.561,1
APL301810,24,Self-Employed,32621.09,10270.91,709,99.1,0,3,3,49,12,0.192,31.5,0.65,0
APL301811,28,Salaried,12000.0,6874.08,699,68.7,0,1,7,78,2,0.308,57.3,0.65,0
APL301812,38,Gig/Freelance,26195.51,0.0,756,86.0,0,1,2,82,19,0.327,0.0,0.5734,1
APL301813,29,Salaried,28036.43,7250.61,714,91.0,0,2,2,39,32,0.443,25.9,0.65,1
APL301814,30,Salaried,38087.97,8467.23,733,71.5,0,1,6,45,17,0.418,22.2,0.6022,1
APL301815,21,Salaried,18877.25,0.0,649,78.8,0,1,5,64,0,0.102,0.0,0.65,0
APL301816,47,Self-Employed,29289.01,0.0,667,96.2,0,3,1,36,45,0.023,0.0,0.65,1
APL301817,31,Salaried,20384.99,3035.67,712,65.1,0,4,6,59,10,0.461,14.9,0.65,1
APL301818,32,Salaried,33143.57,1101.79,698,59.0,0,2,4,101,10,0.268,3.3,0.612,0
APL301819,44,Salaried,23492.66,0.0,788,80.4,0,3,2,87,34,0.276,0.0,0.5324,0
APL301820,32,Self-Employed,92114.04,14439.82,670,62.5,0,2,6,61,24,0.254,15.7,0.65,0
APL301821,30,Salaried,15326.75,0.0,716,83.7,0,0,3,60,8,0.082,0.0,0.65,0
APL301822,31,Salaried,44055.81,4636.48,625,86.4,0,4,2,46,26,0.124,10.5,0.65,0
APL301823,37,Salaried,39074.4,8311.45,789,83.5,0,3,3,72,16,0.277,21.3,0.5758,0
APL301824,35,Gig/Freelance,18842.84,855.68,662,70.7,0,0,3,31,14,0.236,4.5,0.65,1
APL301825,33,Salaried,12000.0,9392.56,688,87.1,0,2,3,63,30,0.261,78.3,0.65,1
APL301826,30,Self-Employed,35041.05,11799.37,672,95.0,0,3,3,28,15,0.107,33.7,0.65,1
APL301827,24,Self-Employed,12000.0,949.03,675,86.4,0,2,4,49,2,0.306,7.9,0.65,1
APL301828,42,Student/Intern,25681.31,0.0,799,97.6,0,1,6,79,9,0.524,0.0,0.5076,0
APL301829,32,Salaried,40293.33,13507.68,500,91.0,0,4,4,47,26,0.014,33.5,0.65,1
APL301830,34,Student/Intern,32960.98,3244.89,827,39.9,0,3,7,94,4,0.576,9.8,0.3533,0
APL301831,43,Salaried,27660.37,0.0,697,75.2,0,1,10,94,35,0.592,0.0,0.5944,1
APL301832,31,Salaried,14547.59,3365.19,701,63.1,0,0,5,53,6,0.31,23.1,0.634,0
APL301833,28,Self-Employed,30750.03,10050.04,722,115.5,0,2,6,61,19,0.225,32.7,0.65,1
APL301834,34,Student/Intern,29668.33,5480.76,695,82.5,0,4,5,86,7,0.059,18.5,0.65,0
APL301835,36,Self-Employed,58135.98,13278.01,746,95.5,0,4,8,92,20,0.457,22.8,0.65,0
APL301836,39,Self-Employed,18575.56,3035.84,780,64.6,0,1,9,62,11,0.322,16.3,0.5046,0
APL301837,35,Salaried,45806.35,11138.16,775,59.3,0,1,6,70,25,0.398,24.3,0.4863,0
APL301838,29,Salaried,46704.53,3165.16,736,94.4,0,1,4,98,19,0.497,6.8,0.5885,1
APL301839,36,Salaried,12000.0,695.0,655,92.8,0,1,10,61,40,0.0,5.8,0.65,1
APL301840,21,Salaried,33793.35,14908.9,765,60.6,0,2,6,108,8,0.233,44.1,0.5642,0
APL301841,29,Student/Intern,41903.81,0.0,655,82.9,0,1,5,1,23,0.106,0.0,0.65,0
APL301842,31,Gig/Freelance,38675.23,4694.36,754,76.2,0,2,3,82,15,0.38,12.1,0.5719,1
APL301843,32,Gig/Freelance,12029.13,5411.11,616,116.9,0,2,6,53,14,0.0,45.0,0.65,1
APL301844,30,Salaried,32860.55,0.0,706,76.6,0,2,2,42,26,0.388,0.0,0.65,0
APL301845,21,Salaried,94778.12,18632.13,779,82.9,0,0,5,137,1,0.398,19.7,0.4816,0
APL301846,46,Salaried,27564.33,14753.88,807,101.7,0,0,3,78,20,0.408,53.5,0.5683,0
APL301847,29,Self-Employed,29870.16,0.0,796,73.0,0,3,0,71,8,0.537,0.0,0.5099,0
APL301848,24,Salaried,40891.04,7169.93,690,125.0,0,5,6,16,0,0.047,17.5,0.65,1
APL301849,32,Salaried,33374.86,4994.81,606,97.3,0,3,4,63,3,0.25,15.0,0.65,0
APL301850,27,Self-Employed,32426.44,0.0,763,67.6,0,2,3,47,19,0.444,0.0,0.5291,1
APL301851,27,Salaried,14555.85,410.0,711,55.6,0,3,5,65,18,0.289,2.8,0.6229,0
APL301852,27,Self-Employed,42911.62,8986.87,729,82.1,0,1,6,58,19,0.44,20.9,0.6216,1
APL301853,22,Gig/Freelance,19619.37,4064.26,656,84.2,0,3,4,42,3,0.171,20.7,0.65,1
APL301854,36,Salaried,20721.98,6406.7,748,65.2,0,0,10,56,25,0.53,30.9,0.5356,0
APL301855,40,Salaried,52087.12,0.0,770,53.9,0,1,3,69,34,0.544,0.0,0.4118,0
APL301856,32,Gig/Freelance,16161.85,6894.14,803,74.0,0,1,5,61,0,0.443,42.7,0.5098,0
APL301857,21,Salaried,33654.66,0.0,714,77.0,0,2,6,91,1,0.24,0.0,0.6306,1
APL301858,33,Salaried,38984.4,0.0,761,78.2,0,0,1,84,28,0.437,0.0,0.5012,0
APL301859,21,Salaried,94778.12,18632.13,779,82.9,0,0,5,137,1,0.398,19.7,0.4816,0
APL301860,27,Salaried,24546.04,12343.76,675,89.5,0,2,10,18,0,0.257,50.3,0.65,1
APL301861,36,Salaried,30582.31,11264.61,734,94.0,0,0,5,68,43,0.346,36.8,0.635,1
APL301862,21,Salaried,16713.11,1801.37,680,117.5,0,0,10,35,0,0.0,10.8,0.65,1
APL301863,32,Gig/Freelance,26845.75,7985.91,648,82.1,0,1,3,99,9,0.154,29.7,0.65,1
APL301864,33,Salaried,15692.48,5372.43,684,66.7,0,1,1,59,17,0.224,34.2,0.65,0
APL301865,30,Gig/Freelance,15192.07,0.0,668,77.2,0,1,6,85,10,0.221,0.0,0.65,1
APL301866,34,Salaried,28465.98,0.0,729,76.6,0,5,7,40,3,0.396,0.0,0.65,1
APL301867,40,Salaried,52087.12,0.0,770,53.9,0,1,3,69,34,0.544,0.0,0.4118,0
APL301868,26,Salaried,84601.27,0.0,620,65.2,0,3,4,47,0,0.0,0.0,0.65,1
APL301869,31,Self-Employed,41281.88,0.0,588,111.9,1,0,3,74,35,0.058,0.0,0.65,0
APL301870,31,Student/Intern,21788.71,0.0,813,98.0,0,0,6,78,13,0.416,0.0,0.4771,1
APL301871,29,Self-Employed,29870.16,0.0,796,73.0,0,3,0,71,8,0.537,0.0,0.5099,0
APL301872,45,Salaried,12000.0,4313.27,766,84.4,0,1,4,139,45,0.162,35.9,0.546,1
APL301873,39,Salaried,30805.95,2007.68,674,74.4,0,1,7,75,30,0.364,6.5,0.65,1
APL301874,33,Salaried,46070.36,0.0,734,85.1,0,2,8,52,3,0.354,0.0,0.611,0
APL301875,40,Salaried,17842.82,0.0,566,99.6,0,3,0,61,27,0.0,0.0,0.65,0
APL301876,28,Self-Employed,110982.9,20001.9,695,84.6,0,0,4,53,6,0.366,18.0,0.65,0
APL301877,28,Self-Employed,16055.47,0.0,795,48.6,0,1,7,68,10,0.337,0.0,0.4235,0
APL301878,26,Salaried,16218.83,0.0,603,69.2,0,3,6,70,4,0.0,0.0,0.65,0
APL301879,45,Gig/Freelance,25382.81,11231.98,728,99.8,0,2,4,116,14,0.202,44.3,0.65,0
APL301880,37,Salaried,36161.04,0.0,736,68.0,0,2,4,100,19,0.31,0.0,0.5511,1
APL301881,40,Salaried,33919.21,499.85,795,75.4,0,0,13,103,38,0.528,1.5,0.4011,0
APL301882,39,Salaried,33273.43,7327.53,729,80.4,0,1,5,68,23,0.117,22.0,0.6362,0
APL301883,37,Gig/Freelance,17404.28,0.0,689,75.5,0,0,4,92,19,0.357,0.0,0.6376,1
APL301884,24,Self-Employed,32621.09,10270.91,709,99.1,0,3,3,49,12,0.192,31.5,0.65,0
APL301885,32,Salaried,24171.97,1351.16,796,85.4,0,2,6,31,0,0.319,5.6,0.5544,1
APL301886,39,Salaried,33273.43,7327.53,729,80.4,0,1,5,68,23,0.117,22.0,0.6362,0
APL301887,38,Gig/Freelance,26195.51,0.0,756,86.0,0,1,2,82,19,0.327,0.0,0.5734,1
APL301888,38,Salaried,31105.32,9215.67,759,70.0,0,0,3,62,45,0.377,29.6,0.5329,1
APL301889,36,Salaried,34239.72,9134.2,760,105.4,0,1,5,75,1,0.387,26.7,0.6444,1
APL301890,31,Gig/Freelance,51384.57,14601.36,723,99.4,0,0,7,38,22,0.324,28.4,0.65,1
APL301891,33,Self-Employed,26227.7,0.0,791,86.8,0,1,2,47,22,0.641,0.0,0.5064,1
APL301892,28,Student/Intern,64851.1,4136.27,827,74.9,1,1,4,86,11,0.423,6.4,0.5435,0
APL301893,46,Salaried,29672.44,0.0,583,80.9,0,5,3,51,38,0.179,0.0,0.65,1
APL301894,39,Gig/Freelance,25594.01,3413.17,730,75.9,0,1,7,70,8,0.488,13.3,0.5979,0
APL301895,41,Salaried,31168.08,1801.44,680,91.1,0,2,4,89,35,0.232,5.8,0.65,1
APL301896,34,Student/Intern,21434.34,0.0,684,64.5,0,1,4,75,24,0.295,0.0,0.6405,0
APL301897,34,Student/Intern,35130.24,5141.32,602,56.1,0,1,6,68,12,0.138,14.6,0.65,0
APL301898,42,Student/Intern,28877.01,6967.43,746,90.2,0,0,9,96,5,0.332,24.1,0.6026,0
APL301899,32,Salaried,12000.0,0.0,693,88.6,0,1,4,72,3,0.013,0.0,0.65,0
APL301900,30,Self-Employed,19030.23,1422.38,689,82.3,0,1,9,115,14,0.462,7.5,0.65,1
APL301901,37,Gig/Freelance,45090.01,14421.05,770,87.0,0,1,3,103,25,0.17,32.0,0.5912,0
APL301902,47,Salaried,43502.33,9490.57,823,81.3,0,1,4,101,26,0.463,21.8,0.4362,0
APL301903,40,Self-Employed,13428.06,0.0,609,89.1,0,3,8,60,40,0.187,0.0,0.65,0
APL301904,24,Salaried,22251.86,0.0,682,66.8,0,0,2,44,15,0.093,0.0,0.65,1
APL301905,44,Salaried,20452.2,981.08,763,78.2,0,0,3,61,35,0.668,4.8,0.5047,1
APL301906,31,Salaried,41363.89,0.0,603,118.6,0,4,1,7,6,0.0,0.0,0.65,1
APL301907,36,Gig/Freelance,58092.4,10160.31,614,88.9,0,0,5,44,4,0.259,17.5,0.65,1
APL301908,28,Salaried,36152.23,0.0,795,83.1,0,1,3,68,12,0.329,0.0,0.4931,0
APL301909,24,Salaried,23301.34,0.0,696,77.0,0,2,8,65,1,0.219,0.0,0.65,1
APL301910,29,Salaried,46704.53,3165.16,736,94.4,0,1,4,98,19,0.497,6.8,0.5885,1
APL301911,39,Salaried,25476.89,2098.51,706,85.6,0,1,4,64,34,0.284,8.2,0.65,1
APL301912,31,Self-Employed,146007.05,28074.51,800,82.2,0,1,3,115,22,0.454,19.2,0.445,1
APL301913,28,Gig/Freelance,33810.65,0.0,672,117.0,0,1,6,19,4,0.28,0.0,0.65,1
APL301914,22,Salaried,44329.14,5226.08,664,111.2,0,1,6,42,7,0.283,11.8,0.65,1
APL301915,44,Salaried,31872.16,9268.93,708,105.1,0,2,5,71,34,0.227,29.1,0.65,1
APL301916,35,Gig/Freelance,26931.47,6022.42,712,86.9,0,1,3,57,16,0.308,22.4,0.65,0
APL301917,39,Self-Employed,18575.56,3035.84,780,64.6,0,1,9,62,11,0.322,16.3,0.5046,0
APL301918,39,Salaried,29125.05,6645.55,671,86.3,0,4,8,90,32,0.229,22.8,0.65,0
APL301919,38,Gig/Freelance,74796.37,0.0,786,82.0,0,1,8,82,10,0.524,0.0,0.4282,0
APL301920,35,Salaried,56759.87,0.0,604,124.4,0,4,5,35,12,0.0,0.0,0.65,1
APL301921,41,Salaried,21874.33,6553.85,731,56.4,1,1,6,79,13,0.142,30.0,0.65,1
APL301922,28,Salaried,17149.24,8833.24,730,93.8,0,1,6,79,7,0.287,51.5,0.65,1
APL301923,39,Salaried,31145.52,0.0,679,92.2,0,0,6,43,49,0.081,0.0,0.65,1
APL301924,38,Gig/Freelance,74796.37,0.0,786,82.0,0,1,8,82,10,0.524,0.0,0.4282,0
APL301925,30,Salaried,57008.44,13935.14,568,146.5,0,2,4,3,10,0.0,24.4,0.65,1
APL301926,33,Salaried,19726.54,0.0,733,64.6,0,1,4,92,22,0.29,0.0,0.5541,0
APL301927,36,Self-Employed,32760.39,10806.21,727,86.2,0,2,7,88,20,0.268,33.0,0.65,0
APL301928,21,Salaried,29508.75,0.0,637,93.5,0,1,8,73,7,0.099,0.0,0.65,1
APL301929,25,Salaried,62316.82,0.0,625,101.1,0,2,2,39,2,0.242,0.0,0.65,0
APL301930,32,Salaried,25170.24,6890.53,773,69.5,0,1,4,79,0,0.445,27.4,0.5356,0
APL301931,37,Self-Employed,38282.33,7023.32,653,78.6,0,2,0,85,15,0.197,18.3,0.65,0
APL301932,45,Salaried,61629.17,11829.11,687,83.2,0,2,5,53,30,0.161,19.2,0.65,0
APL301933,31,Salaried,87481.42,0.0,761,66.0,0,0,5,28,2,0.384,0.0,0.4419,0
APL301934,32,Self-Employed,22271.07,7359.08,777,62.0,0,1,10,66,13,0.405,33.0,0.5106,0
APL301935,32,Self-Employed,21391.24,185.74,733,99.7,0,4,8,76,19,0.079,0.9,0.65,1
APL301936,22,Salaried,25434.1,4153.23,741,78.5,0,2,6,123,0,0.473,16.3,0.5876,0
APL301937,37,Salaried,39074.4,8311.45,789,83.5,0,3,3,72,16,0.277,21.3,0.5758,0
APL301938,38,Salaried,43803.9,10809.05,721,75.4,0,0,3,92,20,0.38,24.7,0.6069,0
APL301939,26,Self-Employed,14254.56,0.0,694,89.3,0,1,7,89,19,0.345,0.0,0.65,0
APL301940,44,Salaried,31872.16,9268.93,708,105.1,0,2,5,71,34,0.227,29.1,0.65,1
APL301941,29,Salaried,26122.95,9199.27,736,102.8,0,1,4,70,4,0.516,35.2,0.65,1
APL301942,35,Gig/Freelance,18842.84,855.68,662,70.7,0,0,3,31,14,0.236,4.5,0.65,1
APL301943,38,Self-Employed,14664.76,9467.54,513,122.6,0,3,3,64,28,0.0,64.6,0.65,1
APL301944,40,Salaried,17842.82,0.0,566,99.6,0,3,0,61,27,0.0,0.0,0.65,0
APL301945,21,Gig/Freelance,65887.14,0.0,606,91.5,0,1,4,48,10,0.0,0.0,0.65,1
APL301946,42,Salaried,19325.33,3290.59,636,67.6,0,1,3,38,30,0.179,17.0,0.65,1
APL301947,32,Salaried,23859.73,1554.17,746,98.8,0,2,5,51,8,0.208,6.5,0.65,1
APL301948,25,Self-Employed,96996.22,20516.34,653,100.8,0,5,4,17,11,0.061,21.2,0.65,0
APL301949,38,Gig/Freelance,30327.93,8437.97,462,103.4,0,3,3,22,10,0.0,27.8,0.65,1
APL301950,40,Salaried,13668.51,0.0,677,79.6,0,2,7,47,38,0.373,0.0,0.65,0
APL301951,38,Student/Intern,53662.56,8786.85,720,98.7,0,2,5,54,7,0.312,16.4,0.65,0
APL301952,28,Self-Employed,35379.8,7165.52,860,82.7,0,1,7,70,0,0.625,20.3,0.3927,0
APL301953,29,Salaried,12000.0,0.0,623,50.0,0,4,4,1,0,0.277,0.0,0.65,1
APL301954,42,Salaried,27777.11,559.5,900,82.5,0,0,7,100,39,0.611,2.0,0.2583,0
APL301955,26,Salaried,53115.04,4501.78,582,92.0,0,3,6,1,13,0.05,8.5,0.65,0
APL301956,22,Salaried,12658.51,0.0,765,79.9,0,0,6,45,15,0.447,0.0,0.5398,1
APL301957,25,Salaried,26576.68,3115.91,669,94.5,0,2,5,73,0,0.314,11.7,0.65,1
APL301958,29,Salaried,12000.0,2586.88,695,68.9,0,2,6,35,34,0.177,21.6,0.65,0
APL301959,29,Salaried,28036.43,7250.61,714,91.0,0,2,2,39,32,0.443,25.9,0.65,1
APL301960,37,Salaried,27003.63,5139.13,790,78.6,0,2,6,112,17,0.303,19.0,0.5115,0
APL301961,37,Salaried,36161.04,0.0,736,68.0,0,2,4,100,19,0.31,0.0,0.5511,1
APL301962,25,Salaried,103966.6,18310.89,681,87.6,0,1,5,41,0,0.458,17.6,0.65,0
APL301963,21,Salaried,57793.85,8833.23,736,94.1,0,0,4,54,4,0.237,15.3,0.635,0
APL301964,21,Salaried,18877.25,0.0,649,78.8,0,1,5,64,0,0.102,0.0,0.65,0
APL301965,21,Salaried,18877.25,0.0,649,78.8,0,1,5,64,0,0.102,0.0,0.65,0
APL301966,44,Student/Intern,26960.37,3438.19,623,84.2,0,2,3,84,0,0.275,12.8,0.65,1
APL301967,30,Salaried,15326.75,0.0,716,83.7,0,0,3,60,8,0.082,0.0,0.65,0
APL301968,35,Student/Intern,53651.74,0.0,569,101.7,0,2,4,75,12,0.0,0.0,0.65,1
APL301969,21,Salaried,17990.09,1112.4,794,50.8,0,2,3,108,0,0.383,6.2,0.4451,0
APL301970,35,Gig/Freelance,17164.21,1117.24,723,81.9,0,1,2,106,10,0.221,6.5,0.6374,0
APL301971,28,Student/Intern,25510.01,0.0,745,78.0,0,2,5,56,8,0.318,0.0,0.5973,1
APL301972,35,Student/Intern,26399.85,8793.88,822,78.2,0,0,5,107,10,0.423,33.3,0.4376,0
APL301973,21,Self-Employed,45629.52,5611.4,731,69.5,0,1,6,62,0,0.211,12.3,0.597,0
APL301974,21,Gig/Freelance,12000.0,0.0,607,86.2,0,4,2,67,24,0.0,0.0,0.65,1
APL301975,31,Salaried,24315.68,0.0,759,86.3,0,3,5,85,18,0.138,0.0,0.6037,1
APL301976,36,Student/Intern,33546.41,9882.41,834,58.8,0,1,6,59,4,0.58,29.5,0.3999,0
APL301977,40,Salaried,16946.44,7180.56,573,100.2,0,3,4,84,37,0.0,42.4,0.65,0
APL301978,35,Salaried,14975.76,4263.76,803,103.5,0,0,8,67,7,0.344,28.5,0.5533,1
APL301979,32,Self-Employed,17596.49,0.0,623,98.4,0,1,3,34,12,0.19,0.0,0.65,1
APL301980,31,Salaried,32502.66,0.0,827,64.2,0,2,3,99,0,0.539,0.0,0.3915,0
APL301981,21,Salaried,33654.66,0.0,714,77.0,0,2,6,91,1,0.24,0.0,0.6306,1
APL301982,21,Salaried,37616.99,13097.03,607,127.3,0,3,4,17,0,0.024,34.8,0.65,0
APL301983,31,Salaried,20384.99,3035.67,712,65.1,0,4,6,59,10,0.461,14.9,0.65,1
APL301984,22,Self-Employed,20390.59,9379.34,700,63.1,0,2,8,61,0,0.317,46.0,0.65,1
APL301985,26,Salaried,42064.17,15473.18,588,72.0,0,5,5,64,0,0.108,36.8,0.65,0
APL301986,28,Salaried,17149.24,8833.24,730,93.8,0,1,6,79,7,0.287,51.5,0.65,1
APL301987,29,Salaried,39405.93,3425.59,645,77.2,0,2,4,57,10,0.407,8.7,0.65,0
APL301988,37,Salaried,107839.43,19233.67,735,103.2,0,3,7,23,41,0.41,17.8,0.65,1
APL301989,43,Gig/Freelance,20644.07,0.0,820,49.6,0,1,6,62,12,0.616,0.0,0.3603,0
APL301990,31,Salaried,35949.75,0.0,828,32.6,0,1,5,77,0,0.579,0.0,0.2975,0
APL301991,21,Salaried,16945.69,0.0,762,69.3,0,1,7,26,1,0.307,0.0,0.561,1
APL301992,21,Self-Employed,64352.58,5263.34,738,64.2,0,0,6,49,11,0.314,8.2,0.5206,1
APL301993,30,Salaried,15344.53,3454.42,748,85.8,0,0,8,82,10,0.466,22.5,0.5814,1
APL301994,23,Salaried,40211.7,242.2,715,67.2,0,3,7,83,4,0.211,0.6,0.6195,1
APL301995,37,Gig/Freelance,44028.62,13321.02,744,75.8,0,0,6,74,15,0.163,30.3,0.5993,1
APL301996,29,Student/Intern,12000.0,0.0,680,99.4,0,2,8,75,15,0.264,0.0,0.65,1
APL301997,36,Student/Intern,57188.4,0.0,836,56.8,0,1,2,102,30,0.429,0.0,0.3069,0
APL301998,27,Salaried,30217.04,7740.17,820,42.0,0,3,8,103,5,0.695,25.6,0.3804,1
APL301999,25,Salaried,30156.44,8435.22,613,106.9,0,3,8,63,6,0.19,28.0,0.65,1
